ğŸ’¯,100
ğŸ´,ó §ó ¢ó ¥ó ®ó §ó ¿England
ğŸ´,ó §ó ¢ó ·ó ¬ó ³ó ¿Great Britan
ğŸ´,ó §ó ¢ó ³ó £ó ´ó ¿Scotland
ğŸ´,ó §ó ¢ó ·ó ¬ó ³ó ¿Wales
ğŸ’›,#1 BF Snapchat
ğŸ˜Š,^^
ğŸ’µ,$1 Note
â›,13th Zodiac Sign
ğŸ¥‡,1st
ğŸ¥‡,1st Place Medal
âœŒï¸,2 fingers
ğŸ¥ˆ,2nd
ğŸ¥ˆ,2nd Place Medal
ğŸ¥‰,3rd
ğŸ¥‰,3rd Place Medal
ğŸ…°,A Button (Blood Type)
ğŸš´â€â™€ï¸,A girl on the Bicycle
ğŸ…°,A Grade
ğŸ…°,A in a Square
ğŸ„â€â™‚ï¸,A man on the board
ğŸ†,AB Button (Blood Type)
ğŸ§®,Abacus
ğŸ” ,ABCD
ğŸˆ´,Acceptable
ğŸŒ°,Acorn
ğŸ¸,Acoustic guitar
ğŸ­,Acting
â•,Addition
ğŸ†—,Adequate
ğŸ’–,Admiration
ğŸŸ,Admission
ğŸ’ ,Adorable
ğŸ§‘,Adult
ğŸš¡,Aerial Tramway
ğŸ‡¦ğŸ‡«,Afghanistan
âœŒï¸,Air Quotes
ğŸ˜¤,Airing of Grievances
âœˆï¸,Airplane
ğŸ›¬,Airplane Arrival
ğŸ›«,Airplane Departure
ğŸ‡¦ğŸ‡½,Ã…land Islands
â°,Alarm Clock
ğŸ‡¦ğŸ‡±,Albania
âš—,Alembic
ğŸ‡©ğŸ‡¿,Algeria
ğŸ‘½,Alien
ğŸ‘¾,Alien Monster
â¬œ,All Clear
ğŸ‘¨â€ğŸ¤,Alladin Sane
ğŸšµ,Alp trip
ğŸ¦™,Alpaca
ğŸ”¤,Alphabet
ğŸ¿,Alpine Skiing
ğŸ¥¢,Alternative Utensils
ğŸ»,Amati
ğŸ¤©,Amazed
ğŸš‘,Ambulance
ğŸ’µ,American Dollar
ğŸ’²,American Dollar Sign
ğŸ‡ºğŸ‡¸,American Flag
ğŸˆ,American Football
ğŸ‡¦ğŸ‡¸,American Samoa
ğŸº,Amphora
ğŸ“¢,Amplify
ğŸ,Ananas
âš“,Anchor
ğŸ‡¦ğŸ‡©,Andorra
ğŸ­,Android Lollipop
ğŸ˜‡,Angel
ğŸ¤¬,Anger
ğŸ’¢,Anger Symbol
ğŸ‡¦ğŸ‡´,Angola
ğŸ˜ ,Angry
ğŸ‘¿,Angry Devil
ğŸ˜¡,Angry Face
ğŸ‘¿,Angry Face With Horns
ğŸ‡¦ğŸ‡®,Anguilla
ğŸ˜§,Anguished Face
ğŸ“£,Announce
ğŸ’,Answering question
ğŸœ,Ant
ğŸ‡¦ğŸ‡¶,Antarctica
ğŸ“¶,Antenna Bars
ğŸ”œ,Anticipation
ğŸ‡¦ğŸ‡¬,Antigua & Barbuda
ğŸ˜°,Anxious Face With Sweat
ğŸ¦µ,Appendages
ğŸ‘,Applause
ğŸš˜,Apple Car
âœ…,Approval
ğŸŠâ€â™€ï¸,Aqua Aerobics
â™’,Aquarius
â™’,Aquarius Zodiac Sign
ğŸŠâ€â™€ï¸,Aquatics
ğŸ‘³,Arab
ğŸ¤¨,Are you sure?
ğŸ‡¦ğŸ‡·,Argentina
â™ˆ,Aries
ğŸ‡¦ğŸ‡²,Armenia
ğŸ””,Arrival
ğŸ’˜,Arrow
â¬†ï¸,Arrow Pointing Up
ğŸ¨,Art
ğŸš›,Articulated Lorry
ğŸ¨,Artist Palette
ğŸ‡¦ğŸ‡¼,Aruba
ğŸ‡¦ğŸ‡¨,Ascension Island
ğŸ‘²,Asian Man
ğŸ¤²,Ask
ğŸ’,Asking question
â„¹,Assistance
*ï¸âƒ£,Asterisk
ğŸ˜²,Astonished Face
â‰,Astonishment
âš›,Atheist
ğŸ§,ATM Machine
ğŸ§,ATM Sign
âš›,Atom Symbol
ğŸš©,Attention
ğŸ§²,Attraction
ğŸ•‰,Aumkara
ğŸ‡¦ğŸ‡º,Australia
ğŸ‡¦ğŸ‡¹,Austria
ğŸš—,Automobile
ğŸˆ³,Availability
ğŸˆº,Available
ğŸ”‰,Average
ğŸ¥‘,Avocado
ğŸ–,Awards
ğŸ—,Awareness
ğŸ˜¬,Awkward
ğŸ‡¦ğŸ‡¿,Azerbaijan
ğŸ…±,B Button (Blood Type)
ğŸ…±,B Grade
ğŸ…±,B in a Square
ğŸ‘¶,Baby
ğŸ‘¼,Baby Angel
ğŸ¼,Baby Bottle
ğŸ¤,Baby Chick
ğŸš¼,Baby Safe
ğŸš¼,Baby Symbol
ğŸš¼,Baby Zone
ğŸ”™,BACK Arrow
ğŸ‘‡,Backhand Index Pointing Down
ğŸ‘ˆ,Backhand Index Pointing Left
ğŸ‘‰,Backhand Index Pointing Right
ğŸ‘†,Backhand Index Pointing Up
ğŸ’,Backpack
â—€,Backwards
ğŸ¥“,Bacon
ğŸ¦¡,Badger
ğŸ¸,Badminton
ğŸ¸,Badminton Racket and Shuttlecock
ğŸ¥¯,Bagel
ğŸ§³,Baggage
ğŸ›„,Baggage Claim
ğŸ¥–,Baguette Bread
ğŸ‡§ğŸ‡¸,Bahamas
ğŸ‡§ğŸ‡­,Bahrain
âš–,Balance Scale
ğŸ¦²,Bald
â›¹,Ball Bouncing
ğŸ¤¾,Ball Throwing
ğŸ¤¾â€â™€ï¸,Ball Throwing Female
ğŸ¤¾â€â™‚ï¸,Ball Throwing Male
ğŸˆ,Balloon
â˜‘ï¸,Ballot Box With Ballot
â˜‘,Ballot Box With Check
ğŸŒ,Banana
ğŸ¤•,Bandaged Head
ğŸ’¥,Bang
ğŸ‡§ğŸ‡©,Bangladesh
ğŸ¦,Bank
ğŸ’±,Bank money
ğŸ“Š,Bar Chart
ğŸ‡§ğŸ‡§,Barbados
ğŸ’ˆ,Barber Pole
ğŸ§”,Barbershop client
ğŸ›¢,Barrel
âš¾,Baseball
ğŸ§¢,Baseball Cap
ğŸ§º,Basket
ğŸ›’,Basket with Wheels
ğŸ€,Basketball
ğŸ¥,Bass drum
ğŸ¦‡,Bat
ğŸŠ,Bath
ğŸš»,Bathrom
ğŸš¾,Bathroom
ğŸ›€,Bathtub
ğŸ”‹,Battery
ğŸ˜­,Bawling
ğŸ–ï¸,Beach With Umbrella
ğŸ˜,Beaming Face With Smiling Eyes
ğŸ»,Bear Face
ğŸ§”,Beard
ğŸ§”,Bearded Person
ğŸ’“,Beating Heart
ğŸ¦¢,Beautiful
ğŸ›ï¸,Bed
ğŸº,Beer Mug
ğŸ¥º,Begging
ğŸ”°,Beginner
ğŸ”,Beginning
ğŸ‡§ğŸ‡¾,Belarus
ğŸ‡§ğŸ‡ª,Belgium
ğŸ‡§ğŸ‡¿,Belize
ğŸ””,Bell
ğŸ”•,Bell With Slash
ğŸ›ï¸,Bellhop Bell
ğŸ…,Bengal Tiger
ğŸ‡§ğŸ‡¯,Benin
ğŸ±,Bento Box
ğŸ‡§ğŸ‡²,Bermuda
ğŸš©,Beware
ğŸ‡§ğŸ‡¹,Bhutan
ğŸš²,Bicycle
ğŸš³,Bicycles Prohibited
âš°,Bier
ğŸ˜†,Big Grin
ğŸª,Big top
ğŸš´,Bike
ğŸ‘™,Bikini
ğŸ§¢,Billed Cap
ğŸ§º,Bin
â˜¢,Biohazard
ğŸ¦,Bird
ğŸ˜·,Bird Flu
ğŸ‚,Birthday
ğŸ‚,Birthday Cake
ğŸ’£,Black Bomb
âš«,Black Circle
ğŸ´,Black Flag
ğŸ–¤,Black Heart
â¬›,Black Large Square
â—¼,Black Medium Square
â—¾,Black Medium-Small Square
âœ’ï¸,Black Nib
â–ª,Black Small Square
ğŸ”²,Black Square
ğŸ”²,Black Square Button
â—¼,Black Tiles
ğŸ˜¶,Blank Face
ğŸ™,Blank look
ğŸ‘±â€â™‚ï¸,Bleached
ğŸ‘¨â€ğŸ¦³,Bleached Hair
ğŸ§±,Block
ğŸ‘±,Blond
ğŸ‘±,Blond Man
ğŸ‘±â€â™‚ï¸,Blond-Haired Man
ğŸ‘±,Blond-Haired Person
ğŸ‘±â€â™€ï¸,Blond-Haired Woman
ğŸ‘±,Blonde
ğŸ‘¸,Blonde Girl
ğŸ†,Blood Type AB
ğŸ§›,Blood-Sucker
ğŸŒ¸,Blossom
ğŸ˜˜,Blow A Kiss
ğŸ¡,Blowfish
ğŸ˜˜,Blowing Kiss
ğŸ”µ,Blue Ball
ğŸ“˜,Blue Book
ğŸš˜,Blue Car
ğŸ”µ,Blue Circle
ğŸ”·,Blue Diamond
ğŸ”µ,Blue Dot
ğŸ˜°,Blue Face
ğŸ’™,Blue Heart
ğŸ”µ,Blueberry
ğŸ˜³,Blushing Face
ğŸ—,Boar
ğŸ›¹,Board
ğŸš£,Boat With Paddles
ğŸ§·,Bobby Pins
ğŸ‹,Body Building
ğŸ’†,Body care
â™¨,Boiling
ğŸ‡§ğŸ‡´,Bolivia
ğŸ”©,Bolts
ğŸ’£,Bomb
ğŸ§²,Bonding
â›“,Bonds
ğŸ¦´,Bone
ğŸ¥,Bongo
ğŸ¥,Bongo drum
ğŸ”–,Bookmark
ğŸ“‘,Bookmark Tabs
ğŸ“š,Books
ğŸ’¤,Boring
ğŸ‡§ğŸ‡¦,Bosnia & Herzegovina
ğŸ‡§ğŸ‡¼,Botswana
ğŸ¾,Bottle With Popping Cork
ğŸ¥¥,Bounty
ğŸ’,Bouquet
ğŸ‡§ğŸ‡»,Bouvet Island
ğŸ¹,Bow
ğŸ‘¨â€ğŸ¤,Bowie
ğŸ³,Bowl
ğŸ¥£,Bowl With Spoon
ğŸ³,Bowling
ğŸ¥Š,Box
ğŸ¥Š,Boxing Glove
ğŸ‘¦,Boy
ğŸ‘¨â€ğŸš€,Boy Astronaut
ğŸš¹,Boy's Bathroom
ğŸ§ ,Brain
ğŸ†•,Brand New
ğŸ‡§ğŸ‡·,Brazil
ğŸ,Bread
ğŸ¥¨,Bread Twists
ğŸ³,Breakfast
ğŸ¤±,Breast-Feeding
ğŸ§±,Brick
ğŸ‘°,Bride With Veil
ğŸŒ‰,Bridge at Night
ğŸ’¼,Briefcase
ğŸ”†,Bright Button
ğŸ”†,Brightness
ğŸ’‚,British Guardsman
ğŸ‡®ğŸ‡´,British Indian Ocean Territory
ğŸ‡»ğŸ‡¬,British Virgin Islands
ğŸ‘Š,Bro Fist
ğŸ¥¦,Broccoli
ğŸ’”,Broken Heart
ğŸ§¹,Broom
ğŸ‡§ğŸ‡³,Brunei
ğŸ›,Bug
ğŸ‘·,Builder
ğŸ—ï¸,Building Construction
ğŸ‡§ğŸ‡¬,Bulgaria
âœ³,Bullet Point
ğŸš…,Bullet Train
ğŸ¯,Bullseye
ğŸ¥ª,Burger
âš±,Burial
ğŸ‡§ğŸ‡«,Burkina Faso
ğŸŒ¯,Burrito
ğŸ‡§ğŸ‡®,Burundi
ğŸšŒ,Bus
ğŸš,Bus Stop
ğŸ‘¨â€ğŸ’¼,Businessman
ğŸ‘©â€ğŸ’¼,Businesswoman
ğŸ‘¤,Bust in Silhouette
ğŸ‘¥,Busts in Silhouette
ğŸ’–,Butterflies in stomach
ğŸ¦‹,Butterfly
ğŸŒµ,Cactus
ğŸ°,Cake
ğŸ‚,Cake With Candles
ğŸ§®,Calculator
ğŸ“…,Calendar
ğŸ¤™,Call
ğŸ¤™,Call Me Hand
ğŸ”ˆ,Calm Down
ğŸ‡°ğŸ‡­,Cambodia
ğŸ“¹,Camcorder
ğŸ«,Camel
ğŸ“·,Camera
ğŸ“¸,Camera With Flash
ğŸ‡¨ğŸ‡²,Cameroon
ğŸ•ï¸,Camping
ğŸ¥¾,Camping Gear
ğŸ¥¶,Can't move!
ğŸ‡¨ğŸ‡¦,Canada
ğŸ‡®ğŸ‡¨,Canary Islands
â™‹,Cancer
ğŸ‘©â€ğŸ¦²,Cancer Awareness
ğŸ•,Candelabra
ğŸ•¯ï¸,Candle
ğŸ¬,Candy
ğŸ­,Candy on a Stick
ğŸ¥«,Canned
ğŸ¥«,Canned Food
ğŸ›¶,Canoe
ğŸ§¢,Cap
ğŸ‡¨ğŸ‡»,Cape Verde
â™‘,Capricorn
â™‘,Capricorn Zodiac Sign
ğŸ’Š,Capsule
ğŸš™,Car
ğŸ—ƒï¸,Card File Box
ğŸ“‡,Card Index
ğŸ—‚ï¸,Card Index Dividers
â™ ,Card Suit
ğŸ´,Cardiffó §ó ¢ó ·ó ¬ó ³ó ¿
ğŸ‡§ğŸ‡¶,Caribbean Netherlands
ğŸª,Carnival
ğŸ¥©,Carnivore
ğŸ ,Carousel Horse
ğŸ,Carp Streamer
ğŸ¥•,Carrot
ğŸ¦°,Carrot Top
ğŸ›’,Cart
ğŸ¤¸,Cartwheel
ğŸ°,Casino
âš°,Casket
ğŸ°,Castle
ğŸˆ,Cat
ğŸ±,Cat Face
ğŸ˜¹,Cat Face With Tears of Joy
ğŸ˜¼,Cat Face With Wry Smile
ğŸ£,Caught
ğŸ‡°ğŸ‡¾,Cayman Islands
ğŸ’½,CD
ğŸ¥³,Celebration
â¬›,Censor
ğŸ‡¨ğŸ‡«,Central African Republic
ğŸ‘¨â€ğŸ’¼,CEO
ğŸ¥£,Cereal
âš±,Ceremonial
âš±,Ceremonial occasion
âš±,Ceremony
ğŸ§¾,Certificate
ğŸ‡ªğŸ‡¦,Ceuta & Melilla
ğŸ‡¹ğŸ‡©,Chad
ğŸ”—,Chain
ğŸ†‘,Chain Letter
â›“,Chains
ğŸ”›,Challenge
ğŸ†š,Challengers
ğŸš¼,Changing Area
ğŸ“‰,Chart Decreasing
ğŸ“ˆ,Chart Increasing
ğŸ’¹,Chart Increasing With Yen
ğŸ¦œ,Chatty
â˜‘,Check Mark
ğŸ,Checkered Flag
ğŸ’,Cheeky
ğŸ“£,Cheering Megaphone
ğŸ§€,Cheese Wedge
ğŸ§ª,Chemistry
ğŸ,Chequered Flag
ğŸ’,Cherries
ğŸ’,Cherry
ğŸŒ¸,Cherry Blossom
â™Ÿ,Chess
â™Ÿ,Chess Pawn
ğŸŒ°,Chestnut
ğŸ–¤,Chic
ğŸ”,Chicken
ğŸ‘¶,Child
ğŸš¸,Child Zone
ğŸ§’,Children
ğŸš¸,Children Crossing
ğŸ‡¨ğŸ‡±,Chile
ğŸ¤”,Chin Thumb
ğŸ‡¨ğŸ‡³,China
ğŸ¥ ,Chinese desert
ğŸ¥¡,Chinese food
ğŸ¥®,Chinese pastry
ğŸ¿ï¸,Chipmunk
ğŸ«,Chocolate Bar
ğŸ¥¢,Chopsticks
âœ,Christian
ğŸ‡¨ğŸ‡½,Christmas Island
ğŸ„,Christmas Tree
ğŸ¦²,Chrome-Dome
ğŸ¦›,Chubby
â›ª,Church
ğŸš¬,Cigarette
ğŸ¦,Cinema
ğŸ’«,Circle And Star
ğŸ”‚,Circle Arrows With Number 1
â“‚,Circled M
ğŸ’«,Circled Star
ğŸª,Circus
ğŸª,Circus Tent
ğŸ’¬,Citation
ğŸ™ï¸,Cityscape
ğŸŒ†,Cityscape at Dusk
ğŸ†‘,CL Button
ğŸ—œ,Clamp
ğŸ‘,Clap
ğŸ¬,Clapboard
ğŸ¬,Clapper Board
ğŸ‘,Clapping
ğŸ‘,Clapping Hands
ğŸº,Clarion
ğŸ›ï¸,Classical Building
ğŸ’š,Clean
ğŸš°,Clean Water
ğŸ†‘,Clear
ğŸ§—â€â™€ï¸,Climb
ğŸ§—,Climbing
ğŸ»,Clinking Beer Mugs
ğŸ¥‚,Clinking Glasses
ğŸ“‹,Clipboard
ğŸ‡¨ğŸ‡µ,Clipperton Island
ğŸ”ƒ,Clock
ğŸ•—,Clock face with Eight Oâ€™clock
ğŸ•£,Clock face with Eight-Thirty
ğŸ•š,Clock face with Eleven Oâ€™clock
ğŸ•¦,Clock face with Eleven-Thirty
ğŸ•”,Clock face with Five Oâ€™clock
ğŸ• ,Clock face with Five-Thirty
ğŸ•“,Clock face with Four Oâ€™clock
ğŸ•Ÿ,Clock face with Four-Thirty
ğŸ•˜,Clock face with Nine Oâ€™clock
ğŸ•¤,Clock face with Nine-Thirty
ğŸ•,Clock face with One O'clock
ğŸ•œ,Clock face with One-Thirty
ğŸ•–,Clock face with Seven Oâ€™clock
ğŸ•¢,Clock face with Seven-Thirty
ğŸ••,Clock face with Six Oâ€™clock
ğŸ•¡,Clock face with Six-Thirty
ğŸ•™,Clock face with Ten Oâ€™clock
ğŸ•¥,Clock face with Ten-Thirty
ğŸ•’,Clock face with Three Oâ€™clock
ğŸ•,Clock face with Three-Thirty
ğŸ•›,Clock face with Twelve Oâ€™clock
ğŸ•§,Clock face with Twelve-Thirty
ğŸ•‘,Clock face with Two Oâ€™clock
ğŸ•,Clock face with Two-Thirty
ğŸ”,Clockwise Rightwards and Leftwards Open Circle Arrows
ğŸ”ƒ,Clockwise Vertical Arrows
ğŸ†‘,Closed
ğŸ“•,Closed Book
ğŸ“ª,Closed Mailbox With Lowered Flag
ğŸ“«,Closed Mailbox With Raised Flag
ğŸŒ‚,Closed Umbrella
ğŸ˜†,Closed-Eyes Smile
â˜ï¸,Cloud
ğŸŒ©ï¸,Cloud With Lightning
â›ˆ,Cloud With Lightning and Rain
ğŸŒ§ï¸,Cloud With Rain
ğŸŒ¨ï¸,Cloud With Snow
â™£,Clover
ğŸ¤¡,Clown Face
â™£,Club Suit
ğŸ¤•,Clumsy
ğŸ‘,Clutch Bag
ğŸ§¥,Coat
ğŸ¸,Cocktail Glass
ğŸ¥¥,Coco
ğŸ¥¥,Coconut
ğŸ‡¨ğŸ‡¨,Cocos (Keeling) Islands
âš°,Coffin
âš™,Cogs
ğŸ¥¶,Cold
ğŸ¥¶,Cold Face
ğŸ’¥,Collision
ğŸ‡¨ğŸ‡´,Colombia
â¬›,Color Black
ğŸ”³,Color White
ğŸ¦š,Colorful
âœ–,Combination
ğŸ­,Comedy
â˜„ï¸,Comet
ğŸ§¸,Comfort
ğŸ¥¿,Comfy Shoes
ğŸ”œ,Coming
ğŸ‡°ğŸ‡²,Comoros
ğŸ§­,Compass
ğŸ’œ,Compassion
ğŸ§©,Complete
ğŸ’½,Computer Disc
ğŸ’½,Computer Disk
ğŸ–±,Computer Mouse
ğŸ˜°,Concerned Face
ğŸŠ,Confetti Ball
ğŸ˜–,Confounded Face
ğŸ¤¯,Confused
ğŸ˜•,Confused Face
ğŸ‡¨ğŸ‡¬,Congo - Brazzaville
ğŸ‡¨ğŸ‡©,Congo - Kinshasa
ğŸ§²,Connection
ğŸ€„,Conquer
ğŸš§,Construction
ğŸ‘·,Construction Worker
ğŸ¤¼,Contact Sport
ğŸ˜Œ,Content
â˜¯,Contrast
ğŸ›ï¸,Control Knobs
ğŸ®,Controller
ğŸª,Convenience Store
ğŸ‡¨ğŸ‡°,Cook Islands
ğŸ¥Ÿ,Cooked dough
ğŸš,Cooked Rice
ğŸª,Cookie
ğŸ³,Cooking
ğŸ˜,Cool
ğŸ†’,COOL Button
ğŸ‘®,Cop
âº,Copy
Â©,Copyright
ğŸº,Cornet
â¡,Correct
ğŸ‡¨ğŸ‡·,Costa Rica
ğŸˆ¶,Costly
ğŸ‡¨ğŸ‡®,CÃ´te Dâ€™ivoire
ğŸ›‹ï¸,Couch and Lamp
ğŸ”„,Counterclockwise Arrows Button
ğŸ§®,Counting Beads
ğŸ’,Couple
ğŸ’‘,Couple With Heart
ğŸ‘¨â€â¤ï¸â€ğŸ‘¨,"Couple With Heart: Man, Man"
ğŸ‘©â€â¤ï¸â€ğŸ‘¨,"Couple With Heart: Woman, Man"
ğŸ‘©â€â¤ï¸â€ğŸ‘©,"Couple With Heart: Woman, Woman"
ğŸ„,Cow
ğŸ®,Cow Face
ğŸ¤ ,Cowboy
ğŸ¤ ,Cowboy Hat Face
ğŸ¦€,Crab
ğŸ–,Crayon
ğŸ¤ª,Crazy
ğŸ˜œ,Crazy Face
ğŸ’³,Credit Card
ğŸŒ™,Crescent Moon
ğŸ,Cricket
ğŸ,Cricket Bat and Ball
ğŸ,Cricket Game
ğŸ‡­ğŸ‡·,Croatia
ğŸŠ,Crocodile
ğŸ¥,Croissant
â˜¦,Cross
ğŸ˜µ,Cross Eyes Face
âŒ,Cross Mark
â,Cross Mark Button
âš”,Crossed
ğŸ¤,Crossed Fingers
ğŸŒ,Crossed Flags
âš”,Crossed Swords
ğŸ‘‘,Crown
ğŸ˜¢,Crying
ğŸ˜¿,Crying Cat
ğŸ˜¿,Crying Cat Face
ğŸ˜¢,Crying Face
ğŸ”®,Crystal Ball
ğŸ‡¨ğŸ‡º,Cuba
ğŸ¥’,Cucumber
ğŸ¥¤,Cup With Straw
ğŸ¥¡,Cupboard package
ğŸ§,Cupcake
ğŸ’˜,Cupid
ğŸ¹,Cupid's Arrow
ğŸ‡¨ğŸ‡¼,CuraÃ§ao
ğŸ¥Œ,Curling
ğŸ¥Œ,Curling Stone
ğŸ‘©â€ğŸ¦±,Curls
ğŸ‘©â€ğŸ¦±,Curly Hair
â°,Curly Loop
ğŸ¦±,Curly-Haired
ğŸ’±,Currency Cash
ğŸ’±,Currency Exchange
ğŸ›,Curry Rice
ğŸ¤¬,Curse
ğŸ®,Custard
ğŸ›ƒ,Customs
ğŸ¥©,Cut Of Meat
ğŸ’ ,Cute
ğŸš´â€â™‚ï¸,Cycling
ğŸŒ€,Cyclone
ğŸ‡¨ğŸ‡¾,Cyprus
ğŸ‡¨ğŸ‡¿,Czechia
ğŸ—¡,Dagger
â˜¢,Danger
â˜£,Danger Zone
ğŸ¡,Dango
ğŸ–¤,Dark humor
ã€°,Dash
ğŸ’¨,Dashing Away
ğŸ’,Date
ğŸ‘¨â€ğŸ‘©â€ğŸ‘§â€ğŸ‘§,Daughters
ğŸ‘¨â€ğŸ¤,David Bowie
ğŸ´â€â˜ ï¸,Dead men tell no tales
ğŸ’€,Death
ğŸˆ·,Debt
ğŸ†—,Decent
ğŸŒ³,Deciduous Tree
ğŸ”˜,Decision
ğŸ’™,Deep love
ğŸ¦Œ,Deer
ğŸ›¡,Defence
ğŸ¦”,Defense
ğŸšš,Delivery Truck
ğŸ§›,Demon of the Night
âŒ,Denial
â›”,Denied
ğŸ‡©ğŸ‡°,Denmark
ğŸ¬,Department Store
ğŸšï¸,Derelict House
ğŸœï¸,Desert
ğŸï¸,Desert Island
ğŸ–¥ï¸,Desktop Computer
ğŸ•µï¸,Detective
ğŸ‘¿,Devil
ğŸ‘¿,Devil Horns
ğŸ’¬,Dialogue
â™¦,Diamond Suit
ğŸ’ ,Diamond With A Dot
â™¦,Diamonds
ğŸ²,Dice
ğŸ‡©ğŸ‡¬,Diego Garcia
ğŸ‘©â€ğŸ‘©â€ğŸ‘§â€ğŸ‘§,Different sexual orientation
ğŸ“»,Digital Radio
ğŸ”¢,Digits
ğŸ”…,Dim
ğŸ”…,Dim Button
ğŸ¯,Direct Hit
ğŸˆ,Direction
ğŸ§­,Directions
ğŸ¬,Director
ğŸ˜,Disappointed Face
ğŸŒ€,Disaster
ğŸ¥,Disc-Golf
âš›,Discoveries
ğŸ¦ ,Disease
ğŸ¤¢,Disgust
âŒ,Dissaproval
ğŸ˜’,Dissatisfied
ğŸ˜©,Distraught Face
ğŸŠ,Dive
â—,Divide
ğŸŠâ€â™‚ï¸,Diving
ğŸ’«,Dizzy
ğŸ˜µ,Dizzy Face
ğŸ‡©ğŸ‡¯,Djibouti
ğŸ§¬,DNA
ğŸ”´,Do Not Disturb
âš•,Doctir
ğŸ˜·,Doctor
ğŸ•µï¸â€â™‚ï¸,Doctor Watson
ğŸ«,Document
ğŸ•,Dog
ğŸ’©,Dog Dirt
ğŸ¶,Dog Face
ğŸ¦´,Dog Treat
ğŸ’µ,Dollar Banknote
ğŸ’µ,Dollar Bill
ğŸ’²,Dollar Sign
ğŸ¤‘,Dollar Sign Eyes
ğŸ¬,Dolphin
ğŸ¦ˆ,Dolphin with More Teeth
ğŸ‡©ğŸ‡²,Dominica
ğŸ‡©ğŸ‡´,Dominican Republic
ğŸ†–,Don't Go
ãŠ™,Don't Tell
ğŸ¥¯,Donut
ğŸšª,Door
ğŸ”¯,Dotted Six-Pointed Star
â¿,Double Curly Loop
â€¼,Double Exclamation Mark
âš”,Doubles
ğŸ¤¨,Doubt
ğŸ©,Doughnut
ğŸ•Šï¸,Dove
ğŸ”½,Down
â¬‡,Down Arrow
â†™,Down Left Turn
â†˜,Down Right Turn
â¬‡,Down Turn
â†™,Down-Left Arrow
â†˜,Down-Right Arrow
ğŸ˜“,Downcast Face With Sweat
ğŸ”½,Downwards Button
ğŸ‰,Dragon
ğŸ²,Dragon Face
ğŸ‘—,Dress
ğŸ¤ª,Drink
ğŸ¤¤,Drool
ğŸ¤¤,Drooling Face
ğŸ¨,Drop Bear
ğŸ’§,Droplet
ğŸ’Š,Drugs
ğŸ¥,Drum
ğŸ¥,Drumhead
ğŸ˜²,Drunk Face
ğŸ¥¥,Drupe
ğŸ¤º,Dual
ğŸ¦†,Duck
ğŸ˜—,Duck Face
ğŸ”©,Dumbbell
ğŸ¥Ÿ,Dumpling
ğŸ§¹,Dust
ğŸ“€,Dvd
ğŸ“€,DVD Disk
ğŸ“€,DVD ROM
ğŸ“€,DVD Video
ğŸ“§,E-mail
ğŸ¦…,Eagle
ğŸ‘‚,Ear
ğŸŒ½,Ear of Corn
ğŸ§,Earphone
ğŸŒ,Earth
ğŸ¥ª,Easy Lunch
ğŸ‡ªğŸ‡¨,Ecuador
ğŸ˜¬,Eek
ğŸ¥š,Egg
ğŸ¥š,Egghead
ğŸ†,Eggplant
ğŸ‡ªğŸ‡¬,Egypt
ğŸ•—,Eight Oâ€™clock
âœ´,Eight-Pointed Star
âœ³,Eight-Spoked Asterisk
ğŸ•£,Eight-Thirty
â,Eject Button
ğŸ‡¸ğŸ‡»,El Salvador
ğŸ§“,Elder
ğŸ‘¨â€ğŸ¦³,Elder Man
ğŸ‘©â€ğŸ¦³,Elder Woman
ğŸ‘´,Elderly Man
ğŸ‘µ,Elderly Woman
ğŸ”Œ,Electric Plug
ğŸ˜,Elephant
ğŸšµâ€â™‚ï¸,Elevation up to the mount by bike
ğŸ•š,Eleven Oâ€™clock
ğŸ•¦,Eleven-Thirty
ğŸ§,Elf
ğŸ§,Elves
ğŸ“§,Email
ğŸ˜³,Embarrassed
ğŸš¨,Emergency Light
â—»,Empty
â—½,Empty Bubble
â¹,End
ğŸ”š,END Arrow
ğŸ”š,Ending
ğŸ´,English
ğŸ‰,English Football
âš±,Entombment
ğŸŸ,Entrance document
âœ‰ï¸,Envelope
ğŸ“©,Envelope With Arrow
ğŸ’š,Envy
ğŸ‡¬ğŸ‡¶,Equatorial Guinea
â†©,Erase
ğŸ‡ªğŸ‡·,Eritrea
ğŸ§—,Escape
ğŸ§—â€â™‚ï¸,Escaping
ğŸ‡ªğŸ‡ª,Estonia
ğŸ‘½,ET
ğŸ‡ªğŸ‡¹,Ethiopia
ğŸ’¶,Euro Banknote
ğŸ‡ªğŸ‡º,European Union
ğŸŒ²,Evergreen Tree
ğŸ¦¹,Evil Person
ğŸ‘,Ewe
ğŸ”Š,Excessive
â€¼,Excited
ğŸ’,Excitement
â—,Exclamation
â‰,Exclamation Question Mark
ğŸ˜…,Exercise
ğŸ˜«,Exhausted
âš—,Experiment
ğŸ’¥,Explode
ğŸ¤¯,Exploding Head
ğŸŒŸ,Exploding Star
ğŸ’¥,Explosion
ğŸ˜‘,Expressionless Face
ğŸ§¯,Extinguish
ğŸ‘,Eye
ğŸ‘ï¸â€ğŸ—¨ï¸,Eye In Speech Bubble
ğŸ¥½,Eye Protection
ğŸ™„,Eye Roll
ğŸ¥½,Eye Safety
ğŸ‘€,Eyeballs
ğŸ˜¥,Eyebrow Sweat
ğŸ‘€,Eyes
ğŸ˜˜,Face Blowing a Kiss
ğŸ˜‹,Face Savoring Food
ğŸ˜±,Face Screaming in Fear
ğŸ¤®,Face Vomiting
ğŸ¤­,Face With Hand Over Mouth
ğŸ‘·,Face With Hat
ğŸ¤•,Face With Head-Bandage
ğŸ˜·,Face With Medical Mask
ğŸ§,Face With Monocle
ğŸ˜®,Face With Open Mouth
ğŸ¤¨,Face With Raised Eyebrow
ğŸ™„,Face With Rolling Eyes
ğŸ˜¤,Face With Steam From Nose
ğŸ˜,Face With Straight Mouth
ğŸ¤¬,Face With Symbols On Mouth
ğŸ˜‚,Face With Tears of Joy
ğŸ¤’,Face With Thermometer
ğŸ˜›,Face With Tongue
ğŸ˜¶,Face Without Mouth
ğŸ“ ,Facsimile
ğŸ­,Factory
ğŸ§š,Faerie
ğŸ§š,Fairy
ğŸ‡«ğŸ‡°,Falkland Islands
ğŸ‚,Fallen Leaf
ğŸ‘¨â€ğŸ‘©â€ğŸ‘§â€ğŸ‘§,Family
ğŸš¸,Family Crossing
ğŸ‘¨â€ğŸ‘¦,"Family: Man, Boy"
ğŸ‘¨â€ğŸ‘¦â€ğŸ‘¦,"Family: Man, Boy, Boy"
ğŸ‘¨â€ğŸ‘§,"Family: Man, Girl"
ğŸ‘¨â€ğŸ‘§â€ğŸ‘¦,"Family: Man, Girl, Boy"
ğŸ‘¨â€ğŸ‘§â€ğŸ‘§,"Family: Man, Girl, Girl"
ğŸ‘¨â€ğŸ‘¨â€ğŸ‘¦,"Family: Man, Man, Boy"
ğŸ‘¨â€ğŸ‘¨â€ğŸ‘¦â€ğŸ‘¦,"Family: Man, Man, Boy, Boy"
ğŸ‘¨â€ğŸ‘¨â€ğŸ‘§,"Family: Man, Man, Girl"
ğŸ‘¨â€ğŸ‘¨â€ğŸ‘§â€ğŸ‘¦,"Family: Man, Man, Girl, Boy"
ğŸ‘¨â€ğŸ‘¨â€ğŸ‘§â€ğŸ‘§,"Family: Man, Man, Girl, Girl"
ğŸ‘¨â€ğŸ‘©â€ğŸ‘¦,"Family: Man, Woman, Boy"
ğŸ‘¨â€ğŸ‘©â€ğŸ‘¦â€ğŸ‘¦,"Family: Man, Woman, Boy, Boy"
ğŸ‘¨â€ğŸ‘©â€ğŸ‘§,"Family: Man, Woman, Girl"
ğŸ‘¨â€ğŸ‘©â€ğŸ‘§â€ğŸ‘¦,"Family: Man, Woman, Girl, Boy"
ğŸ‘¨â€ğŸ‘©â€ğŸ‘§â€ğŸ‘§,"Family: Man, Woman, Girl, Girl"
ğŸ‘©â€ğŸ‘¦,"Family: Woman, Boy"
ğŸ‘©â€ğŸ‘¦â€ğŸ‘¦,"Family: Woman, Boy, Boy"
ğŸ‘©â€ğŸ‘§,"Family: Woman, Girl"
ğŸ‘©â€ğŸ‘§â€ğŸ‘¦,"Family: Woman, Girl, Boy"
ğŸ‘©â€ğŸ‘§â€ğŸ‘§,"Family: Woman, Girl, Girl"
ğŸ‘©â€ğŸ‘©â€ğŸ‘¦,"Family: Woman, Woman, Boy"
ğŸ‘©â€ğŸ‘©â€ğŸ‘¦â€ğŸ‘¦,"Family: Woman, Woman, Boy, Boy"
ğŸ‘©â€ğŸ‘©â€ğŸ‘§,"Family: Woman, Woman, Girl"
ğŸ‘©â€ğŸ‘©â€ğŸ‘§â€ğŸ‘¦,"Family: Woman, Woman, Girl, Boy"
ğŸ‘©â€ğŸ‘©â€ğŸ‘§â€ğŸ‘§,"Family: Woman, Woman, Girl, Girl"
ğŸ§,Fancy
ğŸ‡«ğŸ‡´,Faroe Islands
ğŸ¤©,Fascinated
ğŸ’œ,Fashion
ğŸ§”,Fashion model
â¬,Fast Down Button
ğŸ¥™,Fast food
âª,Fast Reverse Button
â«,Fast Up Button
â©,Fast-Forward Button
ğŸ“ ,Fax
ğŸ“ ,Fax Machine
ğŸ˜¨,Fearful Face
ğŸ’ª,Feats of Strength
ğŸ˜«,Fed Up
ğŸ™,Fed up Annoyed
â¬‡,Feeling Down
ğŸ§¦,Feet Protection
ğŸ‘©,Female
ğŸ‘©â€ğŸ¨,Female Artist
ğŸ‘©â€ğŸš€,Female Astronaut
ğŸ‘©â€ğŸ’»,Female Blogger
ğŸ§›â€â™€ï¸,Female Bloodsucker
ğŸ‘©â€ğŸ³,Female Chef
ğŸ‘©â€âš•ï¸,Female Doctor
ğŸ§â€â™€ï¸,Female Elves
ğŸ¦¹â€â™€ï¸,Female Evil Person
ğŸ‘©â€ğŸš’,Female Firefighter
â™€,Female Gender
ğŸ§â€â™€ï¸,Female Genie
ğŸ¦¸â€â™€ï¸,Female Good Person
ğŸ¤¾â€â™€ï¸,Female Handball Player
ğŸ¦¸â€â™€ï¸,Female Hero
ğŸš£â€â™€ï¸,Female in a Boat
ğŸƒâ€â™€ï¸,Female Jogger
ğŸ¤¹â€â™€ï¸,Female Juggler
ğŸ§Ÿâ€â™€ï¸,Female Living Dead
ğŸ§›â€â™€ï¸,Female Night Demon
ğŸ‘©â€âš•ï¸,Female Nurse
ğŸ¤¹â€â™€ï¸,Female Performer
ğŸ‘©â€âœˆï¸,Female Pilot
â›¹ï¸â€â™€ï¸,Female Playing Ball
ğŸš£â€â™€ï¸,Female Row Boat
ğŸƒâ€â™€ï¸,Female Runner
ğŸ§œâ€â™€ï¸,Female Sea Person
â™€,Female Sex
â™€,Female Sign
ğŸ‘©â€ğŸ¤,Female Singer
ğŸ¦¹â€â™€ï¸,Female Villain
ğŸ§Ÿâ€â™€ï¸,Female Walking Corpse
ğŸ¤½â€â™€ï¸,Female Water Polo
ğŸ§â€â™€ï¸,Female Wish Granter
ğŸ¤¼â€â™€ï¸,Female Wrestlers
ğŸ‘¯â€â™€ï¸,Females
ğŸ¤º,Fencing
ğŸ¡,Ferris Wheel
â›´ï¸,Ferry
ğŸ»,Fiddle
ğŸ‘,Field Hockey
â›¸,Figure Skating
ğŸ‡«ğŸ‡¯,Fiji
ğŸ—„ï¸,File Cabinet
ğŸ“,File Folder
â—¾,Filled in Square
â—¾,Filled in Test Bubble
ğŸ¥,Film Camera
ğŸï¸,Film Frames
ğŸ“½ï¸,Film Projector
ğŸ¬,Film Slate
ğŸ±,Final Move
ğŸ“’,Finances
â¹,Finish
ğŸ‡«ğŸ‡®,Finland
ğŸ”¥,Fire
ğŸš’,Fire Engine
ğŸ§¯,Fire Extinguisher
ğŸ§¯,Fire Removal
ğŸ§¨,Firecracker
ğŸ†,Fireworks
â˜½,First Quarter Moon
ğŸŒ›,First Quarter Moon Face
ğŸŸ,Fish
ğŸ¥,Fish Cake With Swirl
ğŸ£,Fishing
ğŸ£,Fishing Pole
ğŸ¥Š,Fist
ğŸ‘Š,Fist Bump
ğŸ•”,Five Oâ€™clock
ğŸ• ,Five-Thirty
ğŸ› ,Fix
ğŸ´â€â˜ ï¸,Flag
â›³,Flag In Hole
ğŸ”¥,Flame
ğŸš¨,Flashing Light
ğŸ”¦,Flashlight
ğŸ¥¿,Flat Shoe
ğŸ¥¿,Flats
ğŸ§‚,Flavor
âšœï¸,Fleur-de-lis
ğŸ’ª,Flexed Biceps
ğŸ’ª,Flexing Arm Muscles
ğŸ¤¸â€â™€ï¸,Flipping
ğŸ˜,Flirting
ğŸ’¾,Floppy Disk
ğŸ´,Flower Playing Cards
ğŸ˜³,Flushed Face
ğŸ¥,Flying Disc
ğŸ›¸,Flying Saucer
ğŸŒ«ï¸,Fog
ğŸŒ,Foggy
ğŸ™,Folded Hands
ğŸ¥˜,Food
ğŸ¦¶,Foot
ğŸ’‚,Foot Guard
ğŸ˜¬,Foot In Mouth
ğŸˆ,Football
ğŸ‘£,Footprints
ğŸˆš,For Free
ğŸˆ²,Forbidden
ğŸ§,Forest Dwellers
â™¾,Forever
ğŸ´,Fork and Knife
ğŸ½ï¸,Fork and Knife With Plate
ğŸ§,Formal
ğŸ§§,Fortune
ğŸ¥ ,Fortune Cookie
â›²,Fountain
ğŸ–‹ï¸,Fountain Pen
ğŸ€,Four Leaf Clover
ğŸ•“,Four Oâ€™clock
ğŸ•Ÿ,Four-Thirty
ğŸ¦Š,Fox Face
ğŸ–¼ï¸,Framed Picture
ğŸ‡«ğŸ‡·,France
ğŸˆ‚,Free
ğŸ†“,FREE Button
ğŸˆš,Free of charge
ğŸ›£,Freeway
ğŸŸ,French Fries
ğŸ‡¬ğŸ‡«,French Guiana
ğŸ‡µğŸ‡«,French Polynesia
ğŸ‡¹ğŸ‡«,French Southern Territories
ğŸ†•,Freshly Bought
ğŸ³,Fried Egg
ğŸ¤,Fried Shrimp
ğŸ‘¯â€â™€ï¸,Friends
ğŸ¸,Frog Face
ğŸš˜,Front Of Car
ğŸ¥,Front-Facing Baby Chick
â˜¹ï¸,Frowning Face
ğŸ˜¦,Frowning Face With Open Mouth
ğŸ¥¶,Frozen
ğŸ˜¤,Frustrated
ğŸ³,Fry Pan
ğŸ³,Frying Pan
â›½,Fuel Pump
ğŸˆµ,Full
ğŸŒ•,Full Moon
ğŸŒ,Full Moon Face
âš±,Funeral Urn
ğŸ¤ª,Funny
âš½,Futbol
ğŸ”®,Future
ğŸ‡¬ğŸ‡¦,Gabon
ğŸ‡¬ğŸ‡²,Gambia
ğŸ°,Gambling
ğŸ²,Game Die
ğŸ®,Gaming
ğŸ˜²,Gasping Face
ğŸ‘©â€ğŸ‘©â€ğŸ‘§â€ğŸ‘§,Gay
ğŸŒˆ,Gay Pride
âš™,Gear
ğŸ’,Gem Stone
â™Š,Gemini
ğŸ§,Genie
ğŸ‡¬ğŸ‡ª,Georgia
ğŸ‡©ğŸ‡ª,Germany
ğŸ¦ ,Germs
ğŸ¤§,Gesundheit
ğŸ’—,Getting bigger
ğŸ‡¬ğŸ‡­,Ghana
ğŸ‘»,Ghost
ğŸ‘»,Ghoul
ğŸ‡¬ğŸ‡®,Gibraltar
ğŸ’,Gift
ğŸ‘©â€ğŸ¦°,Ginger
ğŸ‘¨â€ğŸ¦°,Ginger man
ğŸ¦’,Giraffe
ğŸ‘§,Girl
ğŸ‘©â€ğŸš€,Girl Astronaut
ğŸ„â€â™€ï¸,Girl on the surf board
ğŸ‘©â€âœˆï¸,Girl Pilot
ğŸ‘©â€ğŸ¤,Girl Singer
ğŸ‘¸,Girl With Crown
ğŸ‘¸,Girl With Tiara
ğŸšº,Girl's Bathroom
ğŸ‘¯â€â™€ï¸,Girls
ğŸ³,Give In
ğŸ¥›,Glass of Milk
ğŸ‘“,Glasses
ğŸŒ,Globe
ğŸŒ,Globe Showing Americas
ğŸŒ,Globe Showing Asia-Australia
ğŸŒ,Globe Showing Europe-Africa
ğŸŒ,Globe With Meridians
ğŸ§¤,Gloves
ğŸŒŸ,Glowing Star
ğŸ¦Ÿ,Gnat
âª,Go Back
â©,Go Forward
ğŸˆ,Go here
ğŸ¥…,Goal Net
ğŸ¥…,Goalie Net
ğŸ,Goat
ğŸ‘º,Goblin
ğŸ¥½,Goggles
ğŸ§¡,Gold heart
ğŸ”‘,Gold Key
ğŸŒŸ,Gold Star
ğŸ,Golden Delicious Apple
â›³,Golf
ğŸ‘,Golf Clap
â›³,Golf Flag
â›³,Golf Hole with Flag
ğŸ¦—,Good Luck
ğŸ¦¸,Good Person
ğŸ˜‹,Goofy
ğŸ¦,Gorilla
ğŸ¦¢,Graceful
ğŸ“,Graduation Cap
ğŸ¥,Gran casa
ğŸ¹,Grand Piano
ğŸ‘µ,Grandma
ğŸ‘´,Grandpa
ğŸ,Granny Smith Apple
ğŸ‡,Grapes
ğŸˆš,Gratis
ğŸ‡¬ğŸ‡·,Greece
ğŸ’š,Green
ğŸ,Green Apple
ğŸ“—,Green Book
ğŸ¤¢,Green Face
ğŸ’š,Green Heart
ğŸ¥—,Green Salad
ğŸ‡¬ğŸ‡±,Greenland
ğŸ‡¬ğŸ‡©,Grenada
ğŸ€,Grey Rat
ğŸ’€,Grey Skull
ğŸ,Grid Girl
ğŸ–¤,Grief
ğŸ˜¬,Grimacing Face
ğŸ˜¸,Grinning Cat
ğŸ˜º,Grinning Cat Face
ğŸ˜¸,Grinning Cat Face With Smiling Eyes
ğŸ˜€,Grinning Face
ğŸ˜ƒ,Grinning Face With Big Eyes
ğŸ˜„,Grinning Face With Smiling Eyes
ğŸ˜…,Grinning Face With Sweat
ğŸ˜†,Grinning Squinting Face
ğŸ’—,Growing Heart
ğŸ’—,Growing love
ğŸ§‘,Grown-Up
â™£,Growth
ğŸ˜¾,Grumpy Cat
ğŸ˜¡,Grumpy Face
ğŸ‡¬ğŸ‡µ,Guadeloupe
ğŸ‡¬ğŸ‡º,Guam
ğŸ’‚,Guard
ğŸ’‚â€â™‚ï¸,Guardsman
ğŸ’‚â€â™€ï¸,Guardswoman
ğŸ‡¬ğŸ‡¹,Guatemala
ğŸ‡¬ğŸ‡¬,Guernsey
ğŸ‡¬ğŸ‡³,Guinea
ğŸ‡¬ğŸ‡¼,Guinea-Bissau
ğŸ¸,Guitar
ğŸ‡¬ğŸ‡¾,Guyana
ğŸ¤¸,Gymastic
ğŸ‘¨â€ğŸ¦²,Hairless
ğŸ‡­ğŸ‡¹,Haiti
ğŸŒœ,Half Moon Face
ğŸŒ,Half Way
ğŸ§œ,Half-Fish Person
ğŸƒ,Halloween
ğŸ˜‡,Halo
ğŸ›‘,Halt
ğŸ”,Hamburger
ğŸ”¨,Hammer
âš’ï¸,Hammer and Pick
ğŸ› ,Hammer And Wrench
ğŸ§º,Hamper
ğŸ¹,Hamster Face
ğŸ´,Hanafuda CArds
ğŸ§¤,Hand Protection
ğŸ™‹,Hand up
ğŸ–,Hand With Fingers Splayed
ğŸ‘œ,Handbag
ğŸ¤¾,Handball
â™¿,Handicap Friendly
ğŸ¤,Handshake
ğŸ§°,Handy-Man
ğŸ¤™,Hang Loose
â£,Happiness
ğŸ˜ƒ,Happy
ğŸ˜¸,Happy Cat
ğŸ˜ˆ,Happy Devil
ğŸ˜ƒ,Happy Face
ğŸ˜…,Happy Sweat
ğŸ˜¹,Happy Tears Cat
ğŸ˜“,Hard Work
ğŸ‘·,Hard-Hat
ğŸ¦¡,Hard-Headed
ğŸ’™,Harmony
#ï¸âƒ£,Hashtag
ğŸ§¢,Hat
ğŸ£,Hatching Chick
ğŸ¸,Hawaiian guitar
ğŸ¥,Head
ğŸ§,Headphone
ğŸ§,Headphones
ğŸ§•,Headscarf
ğŸ§â€â™€ï¸,Healers
ğŸ™‰,Hear-no-evil Monkey
ğŸ‡­ğŸ‡²,Heard & Mcdonald Islands
â¤ï¸ï¸,Heart
ğŸ’,Heart as a gift
ğŸ’Ÿ,Heart Decoration
ğŸ˜,Heart Eyes
ğŸ˜»,Heart Eyes Cat
ğŸ˜,Heart Face
ğŸ’“,Heart rate
â™¥,Heart Suit
ğŸ’˜,Heart With Arrow
ğŸ’,Heart With Ribbon
ğŸ’“,Heartbeat
âœ”,Heavy Check Mark
â—,Heavy Division Sign
ğŸ’²,Heavy Dollar Sign
â£,Heavy Heart Exclamation
â­•,Heavy Large Circle
â–,Heavy Minus Sign
âœ–,Heavy Multiplication X
â•,Heavy Plus Sign
ğŸ¦”,Hedgehog
ğŸš,Helicopter
ğŸ¥µ,Hell
ğŸ“›,Hello My Name Is...
â„¹,Help
ğŸ˜£,Helpless Face
ğŸŒ¿,Herb
ğŸ¦¸,Hero
â¸,Hesitate
ğŸŒº,Hibiscus
ğŸ’­,Hidden words
ğŸ–¤,High fashion
ğŸ™,High Five
ğŸ‘ ,High Heels
ğŸ’“,High pulse
ğŸ¥µ,High temerature
âš¡,High Voltage
ğŸ‘ ,High-heeled Shoe
ğŸš„,High-Speed Train
ğŸ”,Highest Point
ğŸ›£,Highway
ğŸ§•,Hijab
ğŸ¥¾,Hiking Boot
ğŸ¥¾,Hiking Gear
ğŸ‘³â€â™‚ï¸,Hindu
ğŸ¦›,Hippopotamus
ğŸ§”,Hipster
ğŸ¾,Hitting
ğŸ¤¨,Hmm....
ğŸ‘,Hockey
ğŸ’,Hockey and Puck
ğŸ‘,Hockey Stick and Puck
ğŸ•³ï¸,Hole
â›³,Hole in One
ğŸ¥,Hollywood
ğŸ˜±,Home Alone
ğŸ‡­ğŸ‡³,Honduras
ğŸ¦š,Honesty
ğŸ¯,Honey Pot
ğŸ,Honeybee
ğŸ‡­ğŸ‡°,Hong Kong SAR China
ğŸ’œ,Honor
â†”,Horizontal
ğŸš¥,Horizontal Traffic Light
ğŸº,Horn
ğŸ,Horse
ğŸ´,Horse Face
ğŸ‡,Horse Racing
ğŸ¥,Hospital
â™¨,Hot
â˜•,Hot Beverage
ğŸŒ­,Hot Dog
ğŸ¥µ,Hot Face
ğŸŒ¶ï¸,Hot Pepper
â™¨,Hot Springs
ğŸ¨,Hotel
âŒ›,Hourglass Done
â³,Hourglass Not Done
ğŸ ,House
ğŸ¡,House With Garden
ğŸ˜ï¸,Houses
ğŸ¤—,Hug
ğŸ¤—,Hugging
ğŸ¤—,Hugging Face
ğŸ¤—,Hugs
ğŸ’¯,Hundred Points
ğŸ‡­ğŸ‡º,Hungary
ğŸ˜‹,Hungry
ğŸŒ€,Hurricane
ğŸ˜¯,Hushed Face
ğŸ”—,Hyperlink
ğŸ¤¨,I wonder
ğŸ¨,Ice Cream
ğŸ’,Ice Hockey
â›¸,Ice Skate
ğŸ¥Œ,Ice Stone
ğŸ‡®ğŸ‡¸,Iceland
ğŸ†”,ID Button
ğŸ’­,Idea
ğŸ†”,Identification
ğŸ¤’,Ill
ğŸ›¸,Illegal Aliens
ğŸ’¥,Impact
ğŸ¤©,Impressed
ğŸ› ,Improvement
ğŸ’˜,In love
ğŸ“¥,Inbox Tray
ğŸ“¨,Incoming Envelope
ğŸ’—,Increasing feeling
âš–,Indescisive
â˜,Index Pointing Up
ğŸ‡®ğŸ‡³,India
ğŸ‘³â€â™‚ï¸,Indian
ğŸ‘³â€â™‚ï¸,Indian Guru
ğŸ‡®ğŸ‡©,Indonesia
ğŸ¥,Indoor Baseball
â™¾,Infinity
â„¹,Information
âš±,Inhumation
â–¶,Initiate
ğŸ’‰,Injection
ğŸ¤•,Injured
ğŸ”¤,Input Latin Letters
ğŸ”¡,Input Latin Lowercase
ğŸ” ,Input Latin Uppercase
ğŸ”¢,Input Numbers
ğŸ”£,Input Symbols
ğŸ¤·,Insecure
ğŸ‘©â€ğŸ«,Instructor
ğŸº,Instrument
ğŸ†’,Interesting
âš±,Interment
ğŸ•µï¸â€â™‚ï¸,International Spy
ğŸ•µï¸â€â™‚ï¸,Investigator
ğŸ§,iPod
ğŸ‡®ğŸ‡·,Iran
ğŸ‡®ğŸ‡¶,Iraq
ğŸ‡®ğŸ‡ª,Ireland
ğŸ’¢,Irritation
ğŸ’¯,is 2 x Patrick de Laive\'s Age
â˜ª,Islam
ğŸ‡®ğŸ‡²,Isle Of Man
ğŸ‡®ğŸ‡±,Israel
ğŸš©,It's here!
ğŸ‡®ğŸ‡¹,Italy
ğŸƒ,Jack-O-Lantern
ğŸ§¥,Jacket
ğŸ‡¯ğŸ‡²,Jamaica
ğŸ‡¯ğŸ‡µ,Japan
ğŸ‰‘,Japanese â€œacceptableâ€ Button
ğŸˆ¸,Japanese â€œapplicationâ€ Button
ğŸ‰,Japanese â€œbargainâ€ Button
ãŠ—,Japanese â€œcongratulationsâ€ Button
ğŸˆ¹,Japanese â€œdiscountâ€ Button
ğŸˆš,Japanese â€œfree Of Chargeâ€ Button
ğŸˆ,Japanese â€œhereâ€ Button
ğŸˆ·,Japanese â€œmonthly Amountâ€ Button
ğŸˆµ,Japanese â€œno Vacancyâ€ Button
ğŸˆ¶,Japanese â€œnot Free Of Chargeâ€ Button
ğŸˆº,Japanese â€œopen For Businessâ€ Button
ğŸˆ´,Japanese â€œpassing Gradeâ€ Button
ğŸˆ²,Japanese â€œprohibitedâ€ Button
ğŸˆ¯,Japanese â€œreservedâ€ Button
ãŠ™,Japanese â€œsecretâ€ Button
ğŸˆ‚,Japanese â€œservice Chargeâ€ Button
ğŸˆ³,Japanese â€œvacancyâ€ Button
ğŸ¯,Japanese Castle
ğŸ,Japanese Dolls
ğŸ£,Japanese Post Office
ğŸ”°,Japanese Symbol For Beginner
ğŸ’¢,Jealousy
ğŸ‘–,Jeans
ğŸ‡¯ğŸ‡ª,Jersey
ğŸƒ,Jester
âœ¡,Jewish
ğŸ”¯,Jewish Star
ğŸ§©,Jigsaw
ğŸš¬,Joint
ğŸƒ,Joker
ğŸ¤ª,Joking
ğŸ´â€â˜ ï¸,Jolly Roger
ğŸ‡¯ğŸ‡´,Jordan
ğŸ«,Journey
ğŸ§¨,Joy
ğŸ•¹ï¸,Joystick
âœ¡,Judaism
ğŸ¤¹,Juggler
ğŸ¥¤,Juice
ğŸ¥­,Juicy
â­,Jump Ahead
ğŸ¦˜,Jumping
ğŸ´,Just cool black
ğŸ•‹,Kaaba
ğŸ¥¬,Kale
ğŸ¦˜,Kangaroo
ğŸ¥‹,Karate
ğŸ’ ,Kawaii
ğŸ›¶,Kayak
ğŸ‡°ğŸ‡¿,Kazakhstan
ğŸ¥™,Kebab
â†ª,Keep Going
ğŸ’¯,Keep It 100
ğŸ‡°ğŸ‡ª,Kenya
ğŸ”‘,Key
âŒ¨ï¸,Keyboard
*ï¸âƒ£,Keycap: *
#ï¸âƒ£,Keycap: #
0ï¸âƒ£,Keycap: 0
1ï¸âƒ£,Keycap: 1
ğŸ”Ÿ,Keycap: 10
2ï¸âƒ£,Keycap: 2
3ï¸âƒ£,Keycap: 3
4ï¸âƒ£,Keycap: 4
5ï¸âƒ£,Keycap: 5
6ï¸âƒ£,Keycap: 6
7ï¸âƒ£,Keycap: 7
8ï¸âƒ£,Keycap: 8
9ï¸âƒ£,Keycap: 9
ğŸ›´,Kick Scooter
ğŸ™‰,Kikazaru
ğŸ‘˜,Kimono
ğŸ‘‘,King
ğŸ‡°ğŸ‡®,Kiribati
ğŸ’,Kiss
ğŸ˜™,Kiss Face
ğŸ’‹,Kiss Mark
ğŸ‘¨â€â¤ï¸â€ğŸ’‹â€ğŸ‘¨,"Kiss: Man, Man"
ğŸ‘©â€â¤ï¸â€ğŸ’‹â€ğŸ‘¨,"Kiss: Woman, Man"
ğŸ‘©â€â¤ï¸â€ğŸ’‹â€ğŸ‘©,"Kiss: Woman, Woman"
ğŸ’,Kisses
ğŸ˜˜,Kissing
ğŸ˜½,Kissing Cat
ğŸ˜½,Kissing Cat Face
ğŸ˜—,Kissing Face
ğŸ˜š,Kissing Face With Closed Eyes
ğŸ˜™,Kissing Face With Smiling Eyes
ğŸ’,Kissing people
ğŸ˜™,Kissy
ğŸ˜š,Kissy Face
ğŸ»,Kit
ğŸ”ª,Kitchen Knife
ğŸ¥,Kiwi Fruit
ğŸ—¡,Knife
ğŸ³,Knock-Down
ğŸ¨,Koala
ğŸ¨,Koala Bear
ğŸ‡½ğŸ‡°,Kosovo
ğŸ‡°ğŸ‡¼,Kuwait
ğŸ‡°ğŸ‡¬,Kyrgyzstan
ğŸ¥¼,Lab Coat
ğŸ·ï¸,Label
ğŸ¥,Lacrosse
ğŸ¥,Lacrosse Stick
ğŸ¥,Lacrosse Stick and Ball
ğŸ‘©,Lady
ğŸ,Lady Beetle
ğŸšµâ€â™€ï¸,Lady cycling in the Mountains
ğŸ„â€â™€ï¸,Lady Surfing
ğŸšº,Lady's Room
ğŸ¦›,Land ManateeÂ 
ğŸƒ,Lantern
ğŸ‡±ğŸ‡¦,Laos
ğŸ’»,Laptop Computer
ğŸ”µ,Large Blue Circle
ğŸ”·,Large Blue Diamond
ğŸ”¶,Large Orange Diamond
â˜¾,Last Quarter Moon
ğŸŒœ,Last Quarter Moon Face
â®,Last Track Button
âœ,Latin Cross
ğŸ‡±ğŸ‡»,Latvia
ğŸ˜†,Laughing
ğŸ˜¹,Laughing Cat
ğŸ˜‚,Laughing Crying
ğŸ˜‚,Laughing Emoji
ğŸ˜‚,Laughing Face With Tears
ğŸ˜‚,Laughing Tears
ğŸ³ï¸â€ğŸŒˆ,LBGTQ+
ğŸƒ,Leaf Fluttering in Wind
ğŸ¥¬,Leafy Green
ğŸ§—â€â™€ï¸,Leaving
ğŸ‡±ğŸ‡§,Lebanon
ğŸ‘©â€ğŸ«,Lecturer
ğŸ“’,Ledger
â¬…,Left Arrow
â†ª,Left Arrow Curving Right
ğŸ›…,Left Luggage
ğŸ—¨,Left Speech Bubble
â¬…,Left Turn
ğŸ¤›,Left-Facing Fist
â†”,Left-Right Arrow
ğŸ¦µ,Leg
ğŸ‹,Lemon
ğŸ‹,Lemonade
â™Œ,Leo
ğŸ†,Leopard
ğŸ‡±ğŸ‡¸,Lesotho
ğŸ…°,Letter A
ğŸ†,Letter A and B
ğŸ…±,Letter B
ğŸ…¾,Letter O
ğŸ…¿,Letter P
ğŸ”¡,Letters
ğŸ¥¬,Lettuce
ğŸšï¸,Level Slider
ğŸ†™,Level Up
ğŸ¤¥,Liar
ğŸ‡±ğŸ‡·,Liberia
â™,Libra
â™,Libra Zodiac Sign
ğŸ‡±ğŸ‡¾,Libya
ğŸ‡±ğŸ‡®,Liechtenstein
â™ ,Life
ğŸ’¡,Light Bulb
ğŸšˆ,Light Rail
ğŸ¦´,Limb
ğŸ”—,Link
ğŸ”—,Link Symbol
ğŸ”—,Linked Chain
ğŸ–‡ï¸,Linked Paperclips
ğŸ¦,Lion Face
ğŸ’„,Lip Gloss
ğŸ¤,Lips Sealed
ğŸ’„,Lipstick
ğŸ”¥,Lit
ğŸ‡±ğŸ‡¹,Lithuania
ğŸš®,Litter In Bin Sign
ğŸš¹,Little Man
ğŸ¥¦,Little Trees
ğŸ§Ÿ,Living Dead
ğŸ¦,Lizard
ğŸ¦™,Llama
ğŸ,Loaf Of Bread
ğŸ¦,Lobster
ğŸ”’,Locked
ğŸ”,Locked With Key
ğŸ”,Locked With Pen
ğŸš‚,Locomotive
ğŸ˜‚,LOL
ğŸ­,Lollipop
ğŸ­,Lollypop
ğŸ¤¥,Long Nose
ğŸ‘º,Long Nose Face
ğŸ”™,Look Over
â°,Loop
ğŸ”‚,Loop Once Symbol
ğŸ”,Loop Symbol
ğŸ§´,Lotion Bottle
ğŸ”Š,Loud
ğŸ“£,Loud Speaking
ğŸ˜­,Loudly Crying Face
ğŸ“¢,Loudspeaker
ğŸ’,Love
â¤ï¸ï¸,Love Heart
ğŸ©,Love Hotel
ğŸ’Œ,Love Letter
ğŸ’”,Love tragedy
ğŸ¤Ÿ,Love-You Gesture
ğŸ’”,Lovesick
ğŸ˜»,Loving Cat
ğŸ’‘,Loving heart
ğŸ”…,Low Light
â¬,Low Pitch
ğŸ”½,Lower
ğŸ¥‰,Lower Best
â†™,Lower Left
â†˜,Lower Right
ğŸ¤«,Lower Voice
ğŸ”»,Lower Volume
ğŸ”¡,Lowercase
ğŸ§§,Luck
ğŸ¥ ,Lucky fortune
ğŸ§³,Luggage
ğŸ§§,Lunar New Year
ğŸ‡±ğŸ‡º,Luxembourg
ğŸ¤¥,Lying Face
ğŸ‡²ğŸ‡´,Macau SAR China
ğŸ‡²ğŸ‡°,Macedonia
ğŸ˜¤,Mad Face
ğŸ‡²ğŸ‡¬,Madagascar
ğŸ¤©,Madly in love
ğŸ§™,Mage
ğŸ§™â€â™‚ï¸,Magic
ğŸ§,Magic Being
ğŸ”®,Magic Crystal Ball
ğŸ§,Magical Spirit
ğŸ§™,Magician
ğŸ§²,Magnet
ğŸ”,Magnifier
ğŸ”¬,Magnify
ğŸ”,Magnifying Glass
ğŸ”,Magnifying Glass Tilted Left
ğŸ”,Magnifying Glass Tilted Right
ğŸ€„,Mahjong Red Dragon
ğŸ’„,Makeup
ğŸ‡²ğŸ‡¼,Malawi
ğŸ‡²ğŸ‡¾,Malaysia
ğŸ‡²ğŸ‡»,Maldives
ğŸ‘¨,Male
ğŸ‘¨â€ğŸ¨,Male Artist
ğŸ‘¨â€ğŸš€,Male Astronaut
â›¹ï¸â€â™‚ï¸,Male Ball Bouncer
ğŸ‘¨â€ğŸ’»,Male Blogger
ğŸ§›â€â™‚ï¸,Male Blood Sucker
ğŸ‹ï¸â€â™‚ï¸,Male Body Builder
ğŸ‘¨â€ğŸ³,Male Chef
ğŸ‘¨â€âš•ï¸,Male Doctor
ğŸ¦¹â€â™‚ï¸,Male Evil Person
ğŸ‘¨â€ğŸš’,Male Firefighter
â™‚,Male Gender
ğŸ§â€â™‚ï¸,Male Genie
ğŸ¦¸â€â™‚ï¸,Male Good Person
ğŸ¤¾â€â™‚ï¸,Male Handball Player
ğŸ¦¸â€â™‚ï¸,Male Hero
ğŸ¤¹â€â™‚ï¸,Male Juggler
ğŸ§Ÿâ€â™‚ï¸,Male Living Dead
ğŸ§›â€â™‚ï¸,Male Night Demon
ğŸ‘¨â€âš•ï¸,Male Nurse
ğŸ¤¹â€â™‚ï¸,Male Performer
ğŸ‘¨â€âœˆï¸,Male Pilot
â›¹ï¸â€â™‚ï¸,Male Playing Ball
ğŸš£â€â™‚ï¸,Male Row Boat
ğŸš£â€â™‚ï¸,Male Rowing
ğŸ§œâ€â™‚ï¸,Male Sea Person
â™‚,Male Sex
â™‚,Male Sign
ğŸ¦¹â€â™‚ï¸,Male Villain
ğŸ§Ÿâ€â™‚ï¸,Male Walking Corpse
ğŸ¤½â€â™€ï¸,Male Water Polo
ğŸ¤½â€â™€ï¸,Male Water Polo Player
ğŸ‹ï¸â€â™‚ï¸,Male Weightlifting
ğŸ§â€â™‚ï¸,Male Wish Granter
ğŸ§â€â™‚ï¸,Males Elves
ğŸ‡²ğŸ‡±,Mali
ğŸ‡²ğŸ‡¹,Malta
ğŸ‘¨,Man
ğŸ’‘,Man and woman
ğŸ‘«,Man and Woman Holding Hands
ğŸ‘¨â€ğŸ¨,Man Artist
ğŸ‘¨â€ğŸš€,Man Astronaut
ğŸš´â€â™‚ï¸,Man Biking
â›¹ï¸â€â™‚ï¸,Man Bouncing Ball
ğŸ™‡â€â™‚ï¸,Man Bowing
ğŸ¤¸â€â™‚ï¸,Man Cartwheeling
ğŸ§—â€â™‚ï¸,Man Climbing
ğŸ‘·â€â™‚ï¸,Man Construction Worker
ğŸ‘¨â€ğŸ³,Man Cook
ğŸš´,Man cycling
ğŸ•º,Man Dancing
ğŸ•µï¸â€â™‚ï¸,Man Detective
ğŸ§˜â€â™‚ï¸,Man Doing Yoga
ğŸ§â€â™‚ï¸,Man Elf
ğŸ¤¦â€â™‚ï¸,Man Facepalming
ğŸ‘¨â€ğŸ­,Man Factory Worker
ğŸ§šâ€â™‚ï¸,Man Fairy
ğŸ‘¨â€ğŸŒ¾,Man Farmer
ğŸ‘¨â€ğŸš’,Man Firefighter
ğŸ™â€â™‚ï¸,Man Frowning
ğŸ§â€â™‚ï¸,Man Genie
ğŸ™…â€â™‚ï¸,Man Gesturing NO
ğŸ™†â€â™‚ï¸,Man Gesturing OK
ğŸ’‡â€â™‚ï¸,Man Getting Haircut
ğŸ’†â€â™‚ï¸,Man Getting Massage
ğŸŒï¸â€â™‚ï¸,Man Golfing
ğŸ’‚â€â™‚ï¸,Man Guard
ğŸ‘¨â€âš•ï¸,Man Health Worker
ğŸ§–â€â™‚ï¸,Man in a Sauna
ğŸ§˜â€â™‚ï¸,Man In Lotus Position
ğŸ§–â€â™‚ï¸,Man In Steamy Room
ğŸ•´,Man In Suit Levitating
ğŸ§–â€â™‚ï¸,Man in the bath
ğŸ¤µ,Man in Tuxedo
ğŸ‘¨â€âš–ï¸,Man Judge
ğŸ¤¹â€â™‚ï¸,Man Juggling
ğŸ‹ï¸â€â™‚ï¸,Man Lifting Weights
ğŸ§™â€â™‚ï¸,Man Mage
ğŸ‘¨â€ğŸ”§,Man Mechanic
ğŸ§˜â€â™‚ï¸,Man Meditating
ğŸšµâ€â™‚ï¸,Man Mountain Biking
ğŸ‘¨â€ğŸ’¼,Man Office Worker
ğŸ‘¨â€âœˆï¸,Man Pilot
ğŸ¤¾â€â™‚ï¸,Man Playing Handball
ğŸ¤½â€â™‚ï¸,Man Playing Water Polo
ğŸ‘®â€â™‚ï¸,Man Police Officer
ğŸ™â€â™‚ï¸,Man Pouting
ğŸ™‹â€â™‚ï¸,Man Raising Hand
ğŸ‘¨â€ğŸ¦°,Man redhead
ğŸš£â€â™‚ï¸,Man Rowing Boat
ğŸƒâ€â™‚ï¸,Man Running
ğŸ‘¨â€ğŸ”¬,Man Scientist
ğŸ¤·â€â™‚ï¸,Man Shrugging
ğŸ‘¨â€ğŸ¤,Man Singer
ğŸ‘¨â€ğŸ“,Man Student
ğŸ¦¸â€â™‚ï¸,Man Superhero
ğŸ¦¹â€â™‚ï¸,Man Supervillain
ğŸ„â€â™‚ï¸,Man Surfing
ğŸŠâ€â™‚ï¸,Man Swimming
ğŸ‘¨â€ğŸ«,Man Teacher
ğŸ‘¨â€ğŸ’»,Man Technologist
ğŸ’â€â™‚ï¸,Man Tipping Hand
ğŸ§›â€â™‚ï¸,Man Vampire
ğŸš¶â€â™‚ï¸,Man Walking
ğŸ‘³â€â™‚ï¸,Man Wearing Turban
ğŸ‘²,Man With Chinese Cap
ğŸ§Ÿâ€â™‚ï¸,Man Zombie
ğŸ‘¨â€ğŸ¦²,"Man, Bald"
ğŸ‘¨â€ğŸ¦±,"Man, Curly Haired"
ğŸ‘¨â€ğŸ¦°,"Man, Red Haired"
ğŸ‘¨â€ğŸ¦³,"Man, White Haired"
ğŸ‘,Manâ€™s Shoe
ğŸ¥­,Mango
ğŸ—£ï¸,Mansplaining
ğŸ•°ï¸,Mantelpiece Clock
ğŸ—¾,Map of Japan
ğŸ,Maple Leaf
ğŸ’,Marriage
ğŸ‡²ğŸ‡­,Marshall Islands
ğŸ¦˜,Marsupial
ğŸ¥‹,Martial Arts Uniform
ğŸ‡²ğŸ‡¶,Martinique
ğŸ˜·,Mask Face
ğŸ‡²ğŸ‡·,Mauritania
ğŸ‡²ğŸ‡º,Mauritius
ğŸ‡¾ğŸ‡¹,Mayotte
ğŸ¥©,Meat
ğŸ¦–,Meat Eater
ğŸ–,Meat on Bone
ğŸ…,Medal
âš•,Medical Symbol
ğŸ§˜,Meditating
ğŸ¥˜,Mediterranean food
ğŸ”‰,Medium
âšª,Medium White Circle
â˜¹ï¸,Megafrown
ğŸ“£,Megaphone
ğŸˆ,Melon
ğŸ¥,Membranophone
ğŸ“,Memo
ğŸ‘¯â€â™‚ï¸,Men Dancing
ğŸšµâ€â™‚ï¸,Men Mountain race
ğŸ‘¯â€â™‚ï¸,Men Partying
ğŸ‘¯â€â™‚ï¸,Men With Bunny Ears
ğŸ¤¼â€â™‚ï¸,Men Wrestling
ğŸš¹,Men's Bathroom
ğŸš¹,Menâ€™s Room
ğŸ•,Menorah
ğŸ§œâ€â™€ï¸,Mermaid
ğŸ§œâ€â™‚ï¸,Merman
ğŸ§œ,Merperson
ğŸš‡,Metro
ğŸ‡²ğŸ‡½,Mexico
ğŸ¦ ,Microbe
ğŸ‡«ğŸ‡²,Micronesia
ğŸ¤,Microphone
ğŸ”¬,Microscope
ğŸ¥®,Mid-Autumn desert
ğŸ¥ˆ,Middle Best
ğŸ‘†,Middle Finger
ğŸ–,Military Medal
ğŸŒŒ,Milky Way
ğŸ¤¯,Mind Blown
ğŸš,Minibus
ğŸ,Mintonette
ğŸ§¤,Mittens
ğŸ§¦,Mittens for Feet
ğŸ”€,Mix
ğŸ—¿,Moai
ğŸ“±,Mobile Phone
ğŸ“´,Mobile Phone Off
ğŸ“²,Mobile Phone With Arrow
ğŸ‡²ğŸ‡©,Moldova
ğŸ¤±,Mom feeding her child
ğŸ‡²ğŸ‡¨,Monaco
ğŸ§§,Money
ğŸ’°,Money Bag
ğŸ¤‘,Money Face
ğŸ’¸,Money With Wings
ğŸ¤‘,Money-Mouth Face
ğŸ‡²ğŸ‡³,Mongolia
ğŸ’,Monkey
ğŸ™‰,Monkey Covering Ears
ğŸµ,Monkey Face
ğŸ™‰,Monkey Holding Ears
ğŸš,Monorail
ğŸ‡²ğŸ‡ª,Montenegro
ğŸ‡²ğŸ‡¸,Montserrat
ğŸ¥®,Moon Cake
ğŸ¥®,Moon pastry
ğŸ‘,Moon Viewing Ceremony
ğŸ‡²ğŸ‡¦,Morocco
ğŸ•Œ,Mosque
ğŸ¦Ÿ,Mosquito
ğŸ¤±,Mother
ğŸ¦”,Motherly
ğŸ›¥ï¸,Motor Boat
ğŸ›µ,Motor Scooter
ğŸï¸,Motorcycle
ğŸ›£,Motorway
ğŸšµ,Mount cycling
ğŸ—»,Mount Fuji
â›°ï¸,Mountain
ğŸšµ,Mountain Biking route
ğŸš ,Mountain Cableway
ğŸšµâ€â™‚ï¸,Mountain race
ğŸš,Mountain Railway
ğŸ,Mouse
ğŸ­,Mouse Face
ğŸ‘¨,Moustache Man
ğŸ‘„,Mouth
ğŸ˜¶,Mouthless
â©,Move Ahead
â†ª,Move On
ğŸ¥,Movie
ğŸ¥,Movie Camera
ğŸ¦,Movie Theater
ğŸ¦,Movies
â¤µ,Moving Down
â¤´,Moving Up
ğŸ‡²ğŸ‡¿,Mozambique
ğŸ¤¶,Mrs. Claus
ğŸ’ª,Muscle
ğŸ¤¼â€â™‚ï¸,Muscle Contest
ğŸ¥,Mush Ball
ğŸ„,Mushroom
ğŸ¹,Musical Keyboard
ğŸ¼,Musical Notation
ğŸµ,Musical Note
ğŸ¶,Musical Notes
ğŸ¼,Musical Score
ğŸ‘³,Muslim
ğŸˆ¶,Must Pay
ğŸ”‡,Muted Speaker
ğŸ˜,Mutual Best Friends (Snapchat)
ğŸ‡²ğŸ‡²,Myanmar (Burma)
ğŸ’…,Nail Polish
ğŸ“›,Name Badge
ğŸ“›,Name Plate
ğŸ‡³ğŸ‡¦,Namibia
ğŸ‘µ,Nanna
ğŸŠâ€â™‚ï¸,Natation
ğŸï¸,National Park
ğŸ’š,Nature
ğŸ‡³ğŸ‡·,Nauru
ğŸ¤¢,Nauseated Face
ğŸ¥´,Nauseous
ğŸ§¿,Nazar Amulet
ğŸ‘”,Necktie
ğŸ§µ,Needlework
ğŸ‡³ğŸ‡µ,Nepal
ğŸ¤“,Nerd Face
ğŸ¤“,Nerdy
ğŸ˜¬,Nervous
ğŸ˜°,Nervous Face
ğŸ¥…,Net
ğŸ‡³ğŸ‡±,Netherlands
ğŸ˜,Neutral Face
â™¾,Never Ending
ğŸ”°,New
ğŸ†•,NEW Button
ğŸ‡³ğŸ‡¨,New Caledonia
ğŸŒ‘,New Moon
ğŸŒš,New Moon Face
âšœï¸,New Orleans Saints
ğŸ§§,New Year
ğŸ‡³ğŸ‡¿,New Zealand
ğŸ“°,Newspaper
â­,Next Track Button
ğŸ†–,NG Button
ğŸ‡³ğŸ‡®,Nicaragua
ğŸ†’,Nice
ğŸ‡³ğŸ‡ª,Niger
ğŸ‡³ğŸ‡¬,Nigeria
ğŸŒƒ,Night With Stars
ğŸ•˜,Nine Oâ€™clock
ğŸ•¤,Nine-Thirty
ğŸ‡³ğŸ‡º,Niue
ğŸš«,No
ğŸš³,No Bicycles
ğŸš³,No Bikes
ğŸˆ‚,No Charge
ğŸ§¡,No complain
ğŸ†“,No Cost
ğŸš·,No Crossing
â›”,No Entry
ğŸ†–,No Good
ğŸ¦²,No Hair
ğŸš¯,No Littering
ğŸ“µ,No Mobile Phones
ğŸ†“,No Money Needed
ğŸ”,No One Under Eighteen
ğŸ´,No peace
ğŸš·,No Pedestrians
ğŸš·,No People Crossing
ğŸ“µ,No Phones
ğŸš±,No Safe Water
ğŸ“¶,No Signal
ğŸš­,No Smoking
ğŸ”,No Teenagers
ğŸš¯,No Trash
ğŸ”,No Underaged Teens
ğŸˆ²,No way!
ğŸ¥¤,Non-Alcoholic Drink
ğŸš±,Non-Drinkable Water
ğŸš±,Non-Potable Water
ğŸ˜•,Nonplussed
ğŸ‡³ğŸ‡«,Norfolk Island
ğŸ‡°ğŸ‡µ,North Korea
ğŸ‡²ğŸ‡µ,Northern Mariana Islands
ğŸ‡³ğŸ‡´,Norway
ğŸ‘ƒ,Nose
ğŸš«,Not Allowed
ğŸˆµ,Not Available
ğŸ¤·,Not confident
ğŸ’¤,Not interesting
ğŸ“’,Notebook
ğŸ“”,Notebook With Decorative Cover
A,nother names
ğŸˆš,Nothing
ğŸ””,Notice
#ï¸âƒ£,Number Sign
ğŸ”¢,Numbers
ğŸŒ°,Nut
ğŸ”©,Nut And Bolt
ğŸ…¾,O Button (Blood Type)
ğŸ…¾,O in a Square
âš±,Observance
ğŸ¥°,Obsession
ğŸ™,Octopus
ğŸ¢,Oden
ğŸ“´,Off
ğŸ¢,Office Building
ğŸ‘¹,Ogre
ğŸ›¢,Oil Barrel
ğŸ›¢,Oil Drum
ğŸ†—,OK Button
ğŸ‘Œ,OK Hand
ğŸ—ï¸,Old Key
ğŸ‘µ,Old Lady
ğŸ‘´,Old Man
ğŸ‘µ,Old Woman
ğŸ§“,Older Adult
ğŸ•‰,Om
ğŸ‡´ğŸ‡²,Oman
ğŸ•‰,Omkara
ğŸ”›,ON! Arrow
ğŸš˜,Oncoming Automobile
ğŸš,Oncoming Bus
ğŸš˜,Oncoming Car
ğŸ‘Š,Oncoming Fist
ğŸš”,Oncoming Police Car
ğŸš–,Oncoming Taxi
ğŸ•,One Oâ€™clock
ğŸ•œ,One-Thirty
ğŸ‘¹,Oni
â™¨,Onsen
ğŸˆº,Open
ğŸ“–,Open Book
ğŸ“‚,Open File Folder
ğŸ‘,Open Hands
ğŸ“­,Open Mailbox With Lowered Flag
ğŸ“¬,Open Mailbox With Raised Flag
ğŸ˜®,Open Mouth
ğŸˆ³,Open position
â›,Ophiuchus
â˜¯,Opposites
ğŸ’¿,Optical Disk
ğŸ€,Orange Ball
ğŸ“™,Orange Book
ğŸ”¶,Orange Diamond
ğŸ§¡,Orange Heart
ğŸ§¡,Orange love
ğŸ”¶,Orange Square
ğŸ§­,Orbit
ğŸ’š,Organic
â˜¦,Orthodox Cross
ğŸ“¤,Outbox Tray
ğŸˆ·,Owe
ğŸ¦‰,Owl
Â©,Own
â„¢,Owned
ğŸ‚,Ox
ğŸ…¿,P Button
ğŸ“¦,Package
ğŸ¥˜,Paella
ğŸ“„,Page Facing Up
ğŸ“ƒ,Page With Curl
ğŸ“Ÿ,Pager
ğŸ’”,Pain
ğŸ˜§,Pained Face
ğŸ–Œ,Paintbrush
ğŸ¨,Painting
ğŸ‡µğŸ‡°,Pakistan
ğŸ‡µğŸ‡¼,Palau
ğŸ‡µğŸ‡¸,Palestinian Territories
ğŸŒ´,Palm Tree
ğŸ¤²,Palms Up Together
ğŸ‡µğŸ‡¦,Panama
ğŸ¥,Pancakes
ğŸ¼,Panda Face
ğŸ¼,Panda\'s Head
ğŸš©,Panties
ğŸ§»,Paper Towel
ğŸ“,Paperclip
ğŸ‡µğŸ‡¬,Papua New Guinea
ğŸ¥¥,Paradise fruit
ğŸ‡µğŸ‡¾,Paraguay
ğŸ…¿,Parking
ğŸˆ³,Parking place available
ğŸ¦œ,Parrot
ã€½,Part Alternation Mark
ğŸŒ,Part Way
ğŸˆ,Party
ğŸ‰,Party Popper
ğŸ¥³,Partying Face
ğŸ‰‘,Passable
âœ…,Passed
ğŸ›³ï¸,Passenger Ship
ğŸ›‚,Passport Control
â—¼,Pattern Tiles
â¯,Pause
â¸,Pause Button
ğŸ¾,Paw Prints
ğŸˆ,Pay attention
â˜®,Peace
âœŒï¸,Peace Sign
â˜®,Peace Symbol
ğŸ‘,Peach
ğŸ¦š,Peacock
ğŸ¥œ,Peanuts
ğŸ,Pear
ğŸš´â€â™‚ï¸,Pedal
ğŸš´â€â™€ï¸,Pedaling
ğŸš·,Pedestrians Prohibited
ğŸ–Š,Pen
ğŸ´,Penalty
âœï¸,Pencil
ğŸ§,Penguin
ğŸ˜”,Pensive
ğŸ˜”,Pensive Face
ğŸ§œ,People o the Sea
ğŸ‘¯,People With Bunny Ears
ğŸ¤¼,People Wrestling
ğŸ•,Pepperoni Pizza
ğŸ¥,Percussion instrument
ğŸ¥,Percussive instrument
ğŸ’¯,Perfect Score
ğŸ¤¹,Performer
ğŸ­,Performing Arts
ğŸ§­,Perimeter
ğŸ˜£,Persevering Face
ğŸ§‘,Person
ğŸš´,Person Biking
â›¹,Person Bouncing Ball
ğŸ™‡,Person Bowing
ğŸ¤¸,Person Cartwheeling
ğŸ§—,Person Climbing
ğŸ¤¦,Person Facepalming
ğŸ¤º,Person Fencing
ğŸ™,Person Frowning
ğŸ™…,Person Gesturing NO
ğŸ™†,Person Gesturing OK
ğŸ’‡,Person Getting Haircut
ğŸ’†,Person Getting Massage
ğŸŒ,Person Golfing
ğŸ›Œ,Person in Bed
ğŸ§˜,Person In Lotus Position
ğŸ§–,Person In Steamy Room
ğŸ¤¹,Person Juggling
ğŸ‹,Person Lifting Weights
ğŸšµ,Person Mountain Biking
ğŸ¤¾,Person Playing Handball
ğŸ¤½,Person Playing Water Polo
ğŸ™,Person Pouting
ğŸ™‹,Person Raising Hand
ğŸš£,Person Rowing Boat
ğŸƒ,Person Running
ğŸ¤·,Person Shrugging
ğŸ„,Person Surfing
ğŸŠ,Person Swimming
ğŸ›€,Person Taking Bath
ğŸ’,Person Tipping Hand
ğŸš¶,Person Walking
ğŸ‘³,Person Wearing Turban
ğŸ†”,Personal Information
ğŸ‡µğŸ‡ª,Peru
ğŸ¦Ÿ,Pest
ğŸ§«,Petri Dish
ğŸ‡µğŸ‡­,Philippines
ğŸ“µ,Phones Not Allowed
â›ï¸,Pick
ğŸš¯,Pick up Your Trash
ğŸ¥§,Pie
ğŸˆ¹,Piece
ğŸ°,Piece Of Cake
ğŸ¥Ÿ,Pierogi
ğŸ–,Pig
ğŸ·,Pig Face
ğŸ½,Pig Nose
ğŸˆ,Pigskin
ğŸ’©,Pile of Poo
ğŸ’Š,Pill
ğŸ,Pine Decoration
ğŸ,Pine+apple
ğŸ,Pineapple
ğŸ“,Ping Pong
ğŸ“,Ping Pong and Ball
ğŸ€,Pink Bow
ğŸ’Ÿ,Pink Heart Decoration
ğŸ¤¥,Pinocchio
ğŸ§·,Pins
ğŸ´â€â˜ ï¸,Pirate Flag
ğŸ´â€â˜ ï¸,Pirates
â™“,Pisces
â™“,Pisces Zodiac Sign
ğŸ”«,Pistol
ğŸ‡µğŸ‡³,Pitcairn Islands
â«,Pitch Change
ğŸ”±,Pitchfork
ğŸ§š,Pixie
ğŸ•,Pizza
ğŸ›,Place Of Worship
ğŸŒ,Planet
ğŸŒ,Plantain
â–¶,Play Button
â¯,Play Or Pause Button
â›¹,Playing Ball
ğŸ´,Playing Cards
ğŸ¥º,Pleading Face
ğŸ™,Please
ğŸ˜Œ,Pleased
ğŸŠ,Plunge
ğŸ§¸,Plush Toy
ğŸ»,Pochette
ğŸ‘†,Pointing Up
ğŸ‡µğŸ‡±,Poland
ğŸ‘®,Police
ğŸš“,Police Car
ğŸš¨,Police Car Light
ğŸ‘®,Police Officer
ğŸš¨,Police Siren
ğŸ‘®,Policeman
ğŸ‘®â€â™€ï¸,Policewoman
ğŸ©,Poodle
ğŸ±,Pool 8 Ball
ğŸ¿,Popcorn
ğŸ‡µğŸ‡¹,Portugal
â£,Positivity
â—½,Possible Answer Bubble
ğŸ¤,Post Office
ğŸ“¯,Postal Horn
ğŸ“®,Postbox
ğŸ²,Pot of Food
ğŸš°,Potable Water
ğŸ¥”,Potato
ğŸ—,Poultry Leg
ğŸ’·,Pound Banknote
#ï¸âƒ£,Pound Key
ğŸ˜¾,Pouting Cat Face
ğŸ˜¡,Pouting Face
ğŸ•‰,Pranava
ğŸ¤²,Pray
ğŸ“¿,Prayer Beads
ğŸ™,Praying Hands
âš ,Precaution
ğŸ¥ ,Prediction cookie
ğŸ¤°,Pregnant Woman
ğŸ¥¨,Pretzel
âœ,Prevention
ğŸ’‰,Prick
ğŸ³ï¸â€ğŸŒˆ,Pride
ğŸŒˆ,Primary Rainbow
ğŸ¤´,Prince
ğŸ‘¸,Princess
ğŸ–¨ï¸,Printer
ğŸ•µï¸,Private Eye
ğŸ†,Prize
ğŸ§ ,Problem Solving
ğŸ¥«,Processed Food
ğŸ‘¨â€ğŸ«,Professor
â›”,Prohibited
âš–,Pros and Cons
ğŸˆ²,Proscribed
ğŸ§§,Prosperity
ğŸ§¿,Protection
ğŸ‡µğŸ‡·,Puerto Rico
ğŸ’“,Pulse
ğŸƒ,Pumpkin
ğŸ‘Š,Punch
ğŸ”£,Punctuations
ğŸ´,Punk_is_not_dead
ğŸ’–,Pure love
ğŸ‘¿,Purple Devil
ğŸ‘¿,Purple Goblin
ğŸ’œ,Purple Heart
ğŸ‘¾,Purple Monster
ğŸ‘›,Purse
ğŸ“Œ,Pushpin
ğŸ§©,Puzzle
ğŸ˜•,Puzzled
ğŸ‡¶ğŸ‡¦,Qatar
ğŸ‘‘,Queen
â”,Question
â“,Question Mark
â“,Questioning
â«,Quick
ğŸ”•,Quiet
ğŸ˜–,Quivering Mouth
ğŸ‡,Rabbit
ğŸ°,Rabbit Face
ğŸ¦,Raccoon
ğŸï¸,Racing Car
ğŸ,Racing Flag
ğŸ¾,Racket
ğŸ“»,Radio
ğŸ”˜,Radio Button
â˜¢,Radioactive
ğŸ›¶,Raft
ğŸ¤¬,Rage
ğŸšƒ,Railway Car
ğŸ›¤ï¸,Railway Track
ğŸŒˆ,Rainbow
ğŸ³ï¸â€ğŸŒˆ,Rainbow Flag
ğŸ”¼,Raise
ğŸ”º,Raise Volume
ğŸ¤š,Raised Back of Hand
âœŠ,Raised Fist
âœ‹,Raised Hand
ğŸŒ°,Raisin
ğŸ™Œ,Raising Hands
ğŸ,Ram
ğŸ¥£,Ramen
ğŸ”€,Randomize
ğŸ€,Rat
ğŸ’,Rebel
ğŸ§¾,Receipt
âš«,Record
âº,Record Button
ğŸ”´,Recording
â™»,Recycle
â™»,Recycling Symbol
ğŸ,Red Apple
ğŸˆ,Red Balloon
ğŸš˜,Red Car
ğŸ”´,Red Circle
ğŸ˜ˆ,Red Devil
ğŸ§§,Red Envelope
ğŸ˜¡,Red Face
ğŸŒ¹,Red Flower
â¤ï¸ï¸,Red Heart
ğŸ‘º,Red Mask
ğŸ‘¹,Red Monster
ğŸ®,Red Paper Lantern
ğŸŒ¹,Red Rose
ğŸ’¥,Red Spark
ğŸ”»,Red Triangle Pointed Down
ğŸ”º,Red Triangle Pointed Up
ğŸ‘ ,Red Woman Shoe
ğŸ¦°,Red-Haired
ğŸ‘©â€ğŸ¦°,Red-Head
â™»,Reduce
ğŸ£,Reeled In
ğŸ”„,Refresh Icon
â›”,Refuse
Â©,Register
Â®,Registered
ğŸ’†,Relax
â˜¦,Relgion
ğŸ˜Œ,Relieved Face
ğŸ‘³â€â™‚ï¸,Religious person
ğŸ—,Rememberance
ğŸ—,Reminder Ribbon
â,Remove
ğŸˆ·,Rent
ğŸ› ,Repair
ğŸ”,Repeat
ğŸ”,Repeat Button
ğŸ”‚,Repeat Single Button
ğŸ§¬,Reproducing
â›‘,Rescue Workerâ€™s Helmet
ğŸˆ¯,Reservations
ğŸ’†,Rest
â›“,Restraints
ğŸš¾,Restroom
ğŸˆ¸,Resume
â†©,Return
ğŸ‡·ğŸ‡ª,RÃ©union
â™»,Reuse
âª,Reverse
ğŸ”„,Reverse Arrows
â—€,Reverse Button
ğŸ’,Revolving Hearts
ğŸ¦,Rhinoceros
ğŸ€,Ribbon
ğŸ™,Rice Ball
ğŸ˜,Rice Cracker
ğŸ—¯,Right Anger Bubble
â¡,Right Arrow
â¤µ,Right Arrow Curving Down
â†©,Right Arrow Curving Left
â¤´,Right Arrow Curving Up
â¡,Right Turn
ğŸ¤œ,Right-Facing Fist
ğŸ’,Ring
ğŸ’¹,Rising Level
ğŸ ,Roasted Sweet Potato
ğŸ¦,Robber
ğŸ¤–,Robot
ğŸ¤–,Robot Face
ğŸ¤Ÿ,Rock On
ğŸš€,Rocket
ğŸš€,Rocket Ship
ğŸ€,Rodent
ğŸ¤£,ROFL
ğŸ§»,Roll Of Paper
ğŸ—,Rolled-Up Newspaper
ğŸ¢,Roller Coaster
â°,Rollercoaster
ğŸ¤£,Rolling on the Floor Laughing
ğŸ‡·ğŸ‡´,Romania
ğŸ“,Rooster
ğŸŒ¹,Rose
ğŸµï¸,Rosette
â˜ï¸,Rotary Phone
ğŸ”„,Rotate
ğŸ¦,Rough
ğŸ“,Round Pushpin
ğŸš£,Rowing
ğŸ‘‘,Royal
ğŸ‰,Rugby
ğŸ‰,Rugby Football
ğŸ½,Run
ğŸ”ƒ,Running in Order
ğŸ½,Running Shirt
ğŸ‘Ÿ,Running Shoe
ğŸ‡·ğŸ‡º,Russia
ğŸ‡·ğŸ‡¼,Rwanda
ğŸ›¸,Saceship
ğŸ˜”,Sad
ğŸ˜¥,Sad But Relieved Face
ğŸ˜¿,Sad Cat
ğŸ‘¿,Sad Devil
ğŸ˜“,Sad Sweat Face
ğŸ˜­,Sad Tears
ğŸ˜Ÿ,Sadface
ğŸ’”,Sadness
ğŸš°,Safe to Drink
ğŸ‘·,Safety Helmet
ğŸ§·,Safety Pin
â™,Sagittarius
â™,Sagittarius Zodiac Sign
â›µ,Sailboat
ğŸ¶,Sake
ğŸ¥¬,Salad
ğŸ§‚,Salt
ğŸ¥¨,Salty Bread
ğŸ‡¼ğŸ‡¸,Samoa
ğŸ‡¸ğŸ‡²,San Marino
âŒ›,Sandglass
ğŸ¥ª,Sandwich
ğŸ…,Santa Claus
ğŸ›·,Santa's Sleigh
ğŸ‡¸ğŸ‡¹,SÃ£o TomÃ© & PrÃ­ncipe
ğŸ”·,Sapphire
ğŸ™ƒ,Sarcasm
âš°,Sarcophagus
ğŸ˜·,SARS
ğŸ’,Sassy
ğŸ›°ï¸,Satellite
ğŸ“¡,Satellite Antenna
ğŸ‡¸ğŸ‡¦,Saudi Arabia
ğŸ§–,Sauna
ğŸ¦•,Sauropod
ğŸ†˜,Save Our Ship
ğŸ¥§,Savory Pie
ğŸ·,Sax
ğŸ·,Saxophone
ğŸ˜¨,Scared
ğŸ™€,Scared Cat
ğŸ¥¶,Scared to death
ğŸ§£,Scarf
ğŸ‘¹,Scary
ğŸ¤¡,Scary Clown
ğŸ‘¹,Scary Face
ğŸ«,School
ğŸš¸,School Zone
âš›,Science
ğŸ¥¼,Scientist
âœ‚,Scissors
ğŸ•,Scone
â™,Scorpio
ğŸ¦‚,Scorpion
ğŸ´,Scots
âšœï¸,Scouts
ğŸ˜±,Scream
ğŸ™€,Screaming Cat
ğŸ˜±,Screaming Face
ğŸ“œ,Scroll
ğŸ§½,Scrub
ğŸ˜£,Scrunched Eyes
ğŸ˜–,Scrunched Face
ğŸ¥˜,Seafood pan
ğŸ¤,Sealed Lips
ğŸ”,Search Icon
ğŸ§‚,Seasoning
ğŸ’º,Seat
ğŸ¤­,Secret
ğŸ™ˆ,See-No-Evil Monkey
ğŸŒ±,Seedling
ğŸ¤³,Selfie
ğŸ†˜,Send Help
ğŸ‡¸ğŸ‡³,Senegal
ğŸ§“,Senior
â—,Seperate
âš±,Sepulture
ğŸ‡·ğŸ‡¸,Serbia
â›,Serpens
ğŸ•–,Seven Oâ€™clock
ğŸ•¢,Seven-Thirty
ğŸ˜,Sexual Face
ğŸ‡¸ğŸ‡¨,Seychelles
ğŸ‘¤,Shadow
ğŸ¤™,Shaka Sign
ğŸ¥˜,Shallow Pan Of Food
ğŸ˜³,Shame
ğŸ§¼,Shampoo
â˜˜ï¸,Shamrock
ğŸ¦ˆ,Shark
ğŸ—¯,Sharp emotions
ğŸ§,Shaved Ice
ğŸŒ¾,Sheaf of Rice
ğŸ¼,Sheet Music
ğŸ•µï¸â€â™‚ï¸,Sherlock Holmes
ğŸ›¡,Shield
ğŸ‘€,Shifty Eyes
â‡,Shimmering
ğŸŒŸ,Shining Star
â›©ï¸,Shinto Shrine
â‡,Shiny
ğŸš¢,Ship
â˜¸,Ship Wheel
ğŸ’©,Shit
â—,Shock
â€¼,Shocked
ğŸ˜²,Shocked Face
ğŸŒ ,Shooting Star
ğŸº,Shophar
ğŸ›ï¸,Shopping Bags
ğŸ›’,Shopping Cart
ğŸ°,Shortcake
ğŸ—¯,Shouting
ğŸš¿,Shower
ğŸ¦,Shrimp
ğŸ¤·,Shrug
ğŸ”€,Shuffle Tracks Button
ğŸ¤«,Shush
ğŸ¤«,Shushing Face
ğŸ¸,Shuttlecock
ğŸ¦Œ,Shyness
ğŸ¤’,Sick
ğŸ¥,Side drum
ğŸ˜’,Side-Eye
ğŸ˜ª,Side-Tear
ğŸ‡¸ğŸ‡±,Sierra Leone
ğŸ¤˜,Sign of the Horns
ğŸˆ¸,Sign of the Monkey
ğŸ“¶,Signal
ğŸ‘³,Sikh
ğŸ”‡,Silence
ğŸ“´,Silent
ğŸ‘¤,Silhouette
ğŸ¤ª,Silly
ğŸ¦³,Silver Hair
ğŸ’–,Sincerity
ğŸ‡¸ğŸ‡¬,Singapore
ã€½,Singing Start
ğŸ·,Single-reed instrument
ğŸ·,Single-reed woodwind
ğŸ‡¸ğŸ‡½,Sint Maarten
ğŸš¨,Siren
ğŸ••,Six Oâ€™clock
ğŸ•¡,Six-Thirty
â›¸,Skate
ğŸ›¹,Skateboard
ğŸ›¹,Skating
ğŸ’€,Skeleton
â›·ï¸,Skier
ğŸ§´,Skin Care
â­,Skip
ğŸ¿,Skis
ğŸ’€,Skull
â˜ ï¸,Skull and Crossbones
ğŸ´â€â˜ ï¸,Skull with bones
âš±,Sky burial
ğŸ§±,Slab
ğŸ¥Ÿ,Slavic food
ğŸ›·,Sled
ğŸ’¤,Sleep
ğŸ˜´,Sleep Face
ğŸ˜´,Sleeping Face
ğŸ˜ª,Sleepy Face
ğŸ•µï¸,Sleuth
ğŸ•µï¸â€â™€ï¸,Sleuth (woman)
ğŸ™,Slightly Frowning Face
ğŸ™‚,Slightly Happy
ğŸ™,Slightly Sad
ğŸ™‚,Slightly Smiling Face
ğŸ°,Slot Machine
ğŸ‡¸ğŸ‡°,Slovakia
ğŸ‡¸ğŸ‡®,Slovenia
â¬,Slow
ğŸ¦’,Slow Walker
ğŸ›©ï¸,Small Airplane
ğŸ”¹,Small Blue Diamond
ğŸ§,Small Cakes
ğŸ”¹,Small Diamond
ğŸ’•,Small Hearts
ğŸ”¸,Small Orange Diamond
ğŸ¥Ÿ,Small pies
ğŸ”¹,Small Sapphire
âœ¨,Small Stars
ğŸ˜Š,Smile
ğŸ˜€,Smiley Face
ğŸŒ,Smiley Sun
ğŸ˜‹,Smiley with tongue
â˜ºï¸,Smiling
ğŸ˜º,Smiling Cat
ğŸ˜»,Smiling Cat Face With Heart-Eyes
â˜ºï¸,Smiling Face
ğŸ¥°,Smiling Face With 3 Hearts
ğŸ˜‡,Smiling Face With Halo
ğŸ˜,Smiling Face With Heart-Eyes
ğŸ˜ˆ,Smiling Face With Horns
ğŸ˜Š,Smiling Face With Smiling Eyes
ğŸ˜,Smiling Face With Sunglasses
ğŸ˜ˆ,Smiling Imp
ğŸ’©,Smiling Poop
ğŸ’©,Smiling Shit
ğŸŒ,Smiling Sun
ğŸ˜¼,Smirking Cat
ğŸ˜,Smirking Face
ğŸš¬,Smoking
ğŸš­,Smoking Not Allowed
ğŸš­,Smoking Prohibited
ğŸ‘¨â€ğŸ¦²,Smooth
ğŸ˜,Smug Face
ğŸŒ,Snail
ğŸ,Snake
â›,Snake Tamer
ğŸ˜¬,Snapchat Mutual #1 Best Friend
ğŸ”¥,Snapstreak
ğŸ¥,Snare
ğŸ¥,Snare drum
ğŸ¦,Sneaky
ğŸ¤§,Sneezing Face
ğŸ’¤,Snoring
ğŸ˜ª,Snot Bubble
â„ï¸,Snow
ğŸ§£,Snow Gear
ğŸ§£,Snow Protection
ğŸ¿,Snow Sport
ğŸ”ï¸,Snow-Capped Mountain
âšª,Snowball
ğŸ‚,Snowboarder
â„ï¸,Snowflake
â„ï¸,Snowing
â˜ƒï¸,Snowman
â›„,Snowman Without Snow
ğŸ—œ,Snug
ğŸ§¼,Soap
ğŸ˜­,Sobbing
âš½,Soccer
âš½,Soccer Ball
ğŸš™,Soccer Mom Van
ğŸ§¦,Socks
ğŸ¥¤,Soda
ğŸ¦,Soft Ice Cream
âš¾,Softball
âš«,Solar Eclipse
ğŸ‡¸ğŸ‡§,Solomon Islands
ğŸ‡¸ğŸ‡´,Somalia
ã€½,Song Start
ğŸ”œ,SOON Arrow
ğŸ–¤,Sorrow
ğŸ˜”,Sorrowful
ğŸ†˜,SOS Button
ğŸ””,Sound On
ğŸ¥£,Soup
ğŸ‡¿ğŸ‡¦,South Africa
ğŸ‡¬ğŸ‡¸,South Georgia & South Sandwich Islands
ğŸ‡°ğŸ‡·,South Korea
ğŸ‡¸ğŸ‡¸,South Sudan
ğŸ‘¾,Space Invader
ğŸš€,Space Shuttle
â™ ,Spade Suit
ğŸ,Spaghetti
ğŸ‡ªğŸ‡¸,Spain
ğŸ”§,Spanner
âœ¨,Sparkle
ğŸ‡,Sparkler
âœ¨,Sparkles
ğŸ’–,Sparkling Heart
ğŸ“¢,Speak
ğŸ™Š,Speak-No-Evil Monkey
ğŸ”Š,Speaker High Volume
ğŸ”ˆ,Speaker Low Volume
ğŸ”‰,Speaker Medium Volume
ğŸ—£ï¸,Speaking Head
ğŸ”±,Spear
ğŸ’¬,Speech
ğŸ’¬,Speech Balloon
â–ª,Speechless
ğŸš¤,Speedboat
ğŸ•·ï¸,Spider
ğŸ•¸ï¸,Spider Web
ğŸ—“,Spiral Calendar
ğŸ˜µ,Spiral Eyes Face
ğŸ—’ï¸,Spiral Notepad
ğŸš,Spiral Shell
ğŸƒ,Spirits
ğŸš¬,Spliff
ğŸ§½,Sponge
ğŸ¥„,Spoon
ğŸ€,Sport
ğŸš™,Sport Utility Vehicle
ğŸ…,Sports Medal
ğŸ…,Sports Reward
ğŸ³,Spouting Whale
ğŸ§šâ€â™€ï¸,Sprite
ğŸ•µï¸,Spy
ğŸ¦‘,Squid
ğŸ˜,Squinting Face With Tongue
ğŸ‡±ğŸ‡°,Sri Lanka
ğŸ§½,Srubbing Brush
ğŸ‡§ğŸ‡±,St. BarthÃ©lemy
ğŸ‡¸ğŸ‡­,St. Helena
ğŸ‡°ğŸ‡³,St. Kitts & Nevis
ğŸ‡±ğŸ‡¨,St. Lucia
ğŸ‡²ğŸ‡«,St. Martin
ğŸ’š,St. Patrickâ€™s Day
ğŸ‡µğŸ‡²,St. Pierre & Miquelon
ğŸ‡»ğŸ‡¨,St. Vincent & Grenadines
ğŸŸï¸,Stadium
â­,Star
â˜ª,Star And Crescent
*ï¸âƒ£,Star Key
ğŸ”¯,Star of David
ğŸ¤©,Star-Struck
âœ¨,Stars
â–¶,Start
ğŸ”°,Starting Out
ğŸš‰,Station
ğŸš™,Station Wagon
ğŸ—½,Statue of Liberty
ğŸ§–,Steam Bath
ğŸœ,Steaming Bowl
ğŸ˜¤,Steaming Emoji
â®,Step Back
ğŸ¥¢,Stick Utensils
ğŸ‘ ,Stiletto
ğŸ§±,Stone
â¹,Stop
ğŸ›‘,Stop Sign
â±ï¸,Stopwatch
ğŸ§º,Storage Container
ğŸ»,Stradivarius
ğŸ˜,Straight Emoji
ğŸ˜‘,Straight Face
ğŸ˜,Straight Faced
ğŸ“,Straight Ruler
ğŸ“,Strawberries
ğŸ“,Strawberry
ğŸ°,Strawberry Shortcake
ğŸ›£,Street
ğŸ¥™,Street food
ğŸ§µ,String
ğŸ¦“,Striped Horse
ğŸ’ª,Strong
ğŸ¤¼â€â™€ï¸,Struggling
ğŸ¦™,Stubborness
ğŸ™ï¸,Studio Microphone
ğŸ¥™,Stuffed Flatbread
ğŸ’œ,Style
ğŸ³,Submit
â–,Subtract
â“‚,Subway
ğŸ¯,Success
ğŸ‡¸ğŸ‡©,Sudan
ğŸ§¼,Suds
ğŸ˜,Suggestive Smile
â˜€,Sun
â›…,Sun Behind Cloud
ğŸŒ¥,Sun Behind Large Cloud
ğŸŒ¦,Sun Behind Rain Cloud
ğŸŒ¤,Sun Behind Small Cloud
ğŸŒ,Sun With Face
ğŸ§´,Sunblock
ğŸŒ,Sunface
ğŸŒ»,Sunflower
ğŸ˜,Sunglasses
ğŸ”†,Sunny
ğŸŒ…,Sunrise
ğŸŒ„,Sunrise Over Mountains
ğŸŒ‡,Sunset
ğŸ¥¶,Super cold
ğŸ¦¸,Superhero
ğŸ¦¹,Supervillain
ğŸ‘¨â€ğŸ«,Supervisor
ğŸ„,Surfboard
ğŸ„,Surfer
ğŸ„,Surfing
ğŸ˜·,Surgical Mask
ğŸ‡¸ğŸ‡·,Suriname
ğŸ˜¯,Surprise
ğŸ…¾,Surprise O
ğŸ˜¨,Surprised
ğŸ˜¯,Surprised Face
ğŸ£,Sushi
ğŸšŸ,Suspension Railway
ğŸš™,SUV
ğŸ‡¸ğŸ‡¯,Svalbard & Jan Mayen
ğŸ¦¢,Swan
ğŸ‡¸ğŸ‡¿,Swaziland
ğŸ’¦,Sweat Droplets
ğŸ§¥,Sweater
ğŸ‡¸ğŸ‡ª,Sweden
ğŸ§¹,Sweep
ğŸ­,Sweet
ğŸ¥§,Sweet Pie
ğŸ§,Sweet Treats
ğŸŠ,Swim
ğŸŠâ€â™‚ï¸,Swimmer
ğŸ¤½,Swimming
ğŸ‡¨ğŸ‡­,Switzerland
ğŸ—¡,Sword
ğŸ”£,Symbols
ğŸ•,Synagogue
ğŸ¹,Synthesizer
ğŸ‡¸ğŸ‡¾,Syria
ğŸ’‰,Syringe
ğŸ¦–,T-Rex
ğŸ‘•,T-Shirt
ğŸ“,Table Tennis
ğŸ’Š,Tablet
ğŸˆ²,Taboo
ğŸ¥,Tabor
ğŸ¥,Tabour
ğŸˆ²,Tabu
ğŸŒ®,Taco
ğŸ‡¹ğŸ‡¼,Taiwan
ğŸ‡¹ğŸ‡¯,Tajikistan
ğŸ¥¡,Takeaway box
ğŸ¥¡,Takeout Box
ğŸ¥¡,Takeway food
ğŸ—¨,Talk
ğŸ¦œ,Talkative
ğŸ¦’,Tall
ğŸ¥,Tambour
ğŸ¥,Tambourine
ğŸ‹,Tanabata Tree
ğŸŠ,Tangerine
ğŸ‡¹ğŸ‡¿,Tanzania
â™‰,Taurus
ğŸš•,Taxi
ğŸµ,Teacup Without Handle
ğŸ˜¢,Tear
ğŸ“†,Tear-Off Calendar
ğŸ§¸,Teddy Bear
ğŸ¦·,Teeth
â˜ï¸,Telephone
ğŸ“,Telephone Receiver
ğŸ”­,Telescope
ğŸ“º,Television
ğŸ•™,Ten Oâ€™clock
ğŸ•¥,Ten-Thirty
ğŸ‘º,Tengu
ğŸ¾,Tennis
ğŸ¥,Tenor drum
â›º,Tent
ğŸ§ª,Test Tube
ğŸ’¬,Texting
ğŸ‡¹ğŸ‡­,Thailand
ğŸ™,Thank You
ğŸ†,The Best
ğŸ„â€â™‚ï¸,The one who is not afraid of a shark
ğŸŒ¡ï¸,Thermometer
ğŸ¦,Thick Skinned
ğŸ¦,Thief
ğŸ¤¨,Think
ğŸ¤”,Thinker
ğŸ§ ,Thinking
ğŸ¤”,Thinking Face
ğŸˆ,This way
ğŸ’­,Thought
ğŸ’­,Thought Balloon
ğŸ§µ,Thread
ğŸ•’,Three Oâ€™clock
ğŸ•,Three-Thirty
ğŸš®,Throw Away Trash
ğŸ˜˜,Throwing Kiss
ğŸ¤”,Throwing Shade
ğŸ¤®,Throwing Up
ğŸ‘,Thumbs Down
ğŸ‘,Thumbs Up
ğŸ«,Ticket
ğŸŸ,Tickets
ğŸ…,Tiger
ğŸ¯,Tiger Face
ğŸ—œ,Tight
ğŸ¥‹,Tikwondo
ğŸ¥,Timbrel
ğŸ•,Time One
â²ï¸,Timer Clock
ğŸ‡¹ğŸ‡±,Timor-Leste
â–ª,Tiny Square
ğŸ˜«,Tired Face
ğŸ›·,Toboggan
ğŸ‘¶,Toddler
ğŸ‡¹ğŸ‡¬,Togo
ğŸš½,Toilet
ğŸ§»,Toilet Paper
ğŸš»,Toilets
ğŸ‡¹ğŸ‡°,Tokelau
ğŸ—¼,Tokyo Tower
ğŸ¥,Tom-tom
ğŸ…,Tomato
ğŸ‡¹ğŸ‡´,Tonga
ğŸ‘…,Tongue
ğŸ˜›,Tongue Face
ğŸ˜,Tongue Out
ğŸ˜›,Tongue-Out
ğŸ¥µ,Too hot
ğŸ”§,Tool
ğŸ§°,Toolbox
ğŸ§°,Tools
ğŸ¦·,Tooth
ğŸ”,TOP Arrow
ğŸ©,Top Hat
ğŸ¥‡,Top Place
ğŸ”¦,Torch
ğŸŒª,Tornado
ğŸ¦¡,Tough
âº,Track
ğŸ–²ï¸,Trackball
ğŸšœ,Tractor
â„¢,Trade Mark
Â©,Trademark
Â®,Trademarked
ğŸ­,Tragedy
ğŸš†,Train
ğŸ‘¨â€ğŸ«,Trainer
ğŸšŠ,Tram
ğŸš‹,Tram Car
â˜®,Tranquility
ğŸš®,Trash Can
ğŸš¯,Trash Free Zone
ğŸ§³,Travel Supplies
ğŸ«,Travelling
ğŸš©,Triangular Flag
ğŸ“,Triangular Ruler
ğŸƒ,Trick or treat
ğŸƒ,Trickster
ğŸ”±,Trident Emblem
ğŸ‡¹ğŸ‡¹,Trinidad & Tobago
ğŸ«,Trip
ğŸ‡¹ğŸ‡¦,Tristan Da Cunha
ğŸš,Trolleybus
ğŸ†,Trophy
ğŸ¥­,Tropical
ğŸ¹,Tropical Drink
ğŸ ,Tropical Fish
ğŸ,Tropical fruit
ğŸº,Trumpet
ğŸŒ·,Tulip
ğŸ¥ƒ,Tumbler Glass
ğŸ‡¹ğŸ‡³,Tunisia
ğŸ‘³,Turban
ğŸ¦ƒ,Turkey
ğŸ‡¹ğŸ‡·,Turkey Flag
ğŸ‡¹ğŸ‡²,Turkmenistan
ğŸ‡¹ğŸ‡¨,Turks & Caicos Islands
ğŸ¤¸â€â™‚ï¸,Turning
ğŸ¢,Turtle
ğŸ‘¨â€ğŸ«,Tutor
ğŸ‡¹ğŸ‡»,Tuvalu
ğŸ“º,TV
ğŸ•›,Twelve Oâ€™clock
ğŸ•§,Twelve-Thirty
ğŸ’•,Two Hearts
ğŸ‘¬,Two Men Holding Hands
ğŸ•‘,Two Oâ€™clock
ğŸ’•,Two Pink Hearts
ğŸ‘­,Two Women Holding Hands
ğŸ«,Two-Hump Camel
ğŸ•,Two-Thirty
ğŸ¥,Tympan
ğŸ¦–,Tyrannosaurus
ğŸ‡ºğŸ‡²,U.S. Outlying Islands
ğŸ‡»ğŸ‡®,U.S. Virgin Islands
ğŸ‡ºğŸ‡¬,Uganda
ğŸ‡ºğŸ‡¦,Ukraine
ğŸ¥,Ultimate Frisbee
â˜‚ï¸,Umbrella
â›±ï¸,Umbrella on Ground
â˜”,Umbrella With Rain Drops
ğŸ˜’,Unamused Face
ğŸ¦„,Unicorn Face
ğŸ½,Uniform
ğŸ˜’,Unimpressed
ğŸ¦“,Unique
ğŸ‡¦ğŸ‡ª,United Arab Emirates
ğŸ‡¬ğŸ‡§,United Kingdom
ğŸ‡ºğŸ‡³,United Nations
ğŸ‡ºğŸ‡¸,United States
ğŸ”“,Unlocked
â“,Unsure
ğŸ”¼,Up
â¬†ï¸,Up Arrow
â¤´,Up Right Turn
â†•,Up-Down Arrow
â†–,Up-Left Arrow
â†—,Up-Right Arrow
ğŸ†™,UP! Button
ğŸ†™,Upgrade
â†–,Upper Left Turn
â†—,Upper Right
â†—,Upper Right Turn
â†–,Upper Turn
ğŸ” ,Uppercase
ğŸ™ƒ,Upside-Down Face
ğŸ”¼,Upwards Button
ğŸ‡ºğŸ‡¾,Uruguay
ğŸ‡ºğŸ‡¸,USA Flag
ğŸ‘¤,User
ğŸ‡ºğŸ‡¿,Uzbekistan
âœŒï¸,V Sign
ğŸˆ³,Vacant
ğŸ’¹,Value Rise
ğŸ§›,Vampire
ğŸ‡»ğŸ‡º,Vanuatu
ğŸ‡»ğŸ‡¦,Vatican City
ğŸ“¼,VCR
ğŸ¥¦,Vegetables
ğŸ¦•,Vegetarian
ğŸ‡»ğŸ‡ª,Venezuela
ğŸ†š,Versus
â†•,Vertical
ğŸš¦,Vertical Traffic Light
ğŸ“¼,VHS
ğŸ“³,Vibration
ğŸ“³,Vibration Mode
âœŒï¸,Victory Hand
ğŸ“¹,Video Camera
ğŸ®,Video Game
ğŸ‘¾,Video Game Monster
ğŸ“¼,Video Tape
ğŸ“¼,Videocassette
ğŸ‡»ğŸ‡³,Vietnam
ğŸ¦¹,Villain
ğŸ»,Violin
â™,Virgo
ğŸŒ‹,Volcano
ğŸ,Volley
ğŸ,Volleyball
ğŸ¤¢,Vomit
â˜‘,Voted
ğŸ§¾,Voucher
ğŸ†š,VS Button
ğŸ––,Vulcan Salute
ğŸ˜©,Wailing
ğŸ’,Waitress
ğŸ¦¶,Walking
ğŸ§Ÿ,Walking Corpse
ğŸ‡¼ğŸ‡«,Wallis & Futuna
ğŸŒ˜,Waning Crescent Moon
ğŸŒ–,Waning Gibbous Moon
âš ,Warning
ğŸ§â€â™‚ï¸,Warrior
ğŸ—‘ï¸,Wastebasket
âŒš,Watch
ğŸƒ,Water Buffalo
ğŸš¾,Water Closet
ğŸ”«,Water Gun
ğŸ„,Water Lover
ğŸ”«,Water Pistol
ğŸ¤½,Water Polo
ğŸ¤½â€â™€ï¸,Water Polo Player
ğŸŒŠ,Water Wave
ğŸ‰,Watermelon
ã€°,Wave
ğŸ‘‹,Waving Hand
ğŸ‘¨â€ğŸ¦±,Wavy
ã€°,Wavy Dash
ğŸŒ’,Waxing Crescent Moon
ğŸŒ”,Waxing Gibbous Moon
â™¦,Wealth
ğŸ™€,Weary Cat Face
ğŸ˜©,Weary Face
ğŸ’’,Wedding
ğŸ‹,Weightlifting
ğŸ¤ª,Weird
ğŸ‡ªğŸ‡­,Western Sahara
ğŸ‹,Whale
ğŸš´,Wheel
â˜¸,Wheel Of Dharma
â™¿,Wheelchair
â™¿,Wheelchair Symbol
â¿,Wheels
ğŸ˜™,Whistle
ğŸ˜—,Whistling
â¬œ,Whit Color
âšª,White Ball
âšª,White Circle
âšª,White Dot
â•,White Exclamation Mark
ğŸ³,White Flag
ğŸ’®,White Flower
ğŸ‘©â€ğŸ¦³,White Hair
âœ…,White Heavy Check Mark
â¬œ,White Large Square
â—»,White Medium Square
â—½,White Medium-Small Square
â”,White Question Mark
â–«,White Small Square
ğŸ”³,White Square
ğŸ”³,White Square Button
â—»,White Tiles
ğŸ‘†,White Up Pointing Backhand Index
ğŸ¦³,White-Haired
ğŸ‘€,Wide Eyes
ğŸ‘¨â€ğŸ‘©â€ğŸ‘§â€ğŸ‘§,Wife
ğŸ’,Wild Cherry
ğŸŒµ,Wild West
ğŸ¥€,Wilted Flower
ğŸ,Wind Chime
ğŸŒ¬,Wind Face
ğŸ·,Wine Glass
ğŸ˜‰,Wink
ğŸ˜‰,Wink Face
ğŸ˜‰,Winking Face
ğŸ˜œ,Winking Face With Tongue
ğŸ˜‰,Winky Face
ğŸ†,Winner
ğŸ±,Winning
ğŸ“»,Wireless
ğŸ§™â€â™€ï¸,Witch
ğŸ§¹,Witch's Broom
ğŸˆš,Without money
ğŸ‘ï¸â€ğŸ—¨ï¸,Witness
ğŸ§™,Wizard
ğŸº,Wolf Face
ğŸ‘©,Woman
ğŸ‘©â€ğŸ¨,Woman Artist
ğŸ‘©â€ğŸš€,Woman Astronaut
ğŸš´â€â™€ï¸,Woman Biking
ğŸ‹ï¸â€â™€ï¸,Woman Body Builder
â›¹ï¸â€â™€ï¸,Woman Bouncing Ball
ğŸ™‡â€â™€ï¸,Woman Bowing
ğŸ¤¸â€â™€ï¸,Woman Cartwheeling
ğŸ§—â€â™€ï¸,Woman Climbing
ğŸ‘·â€â™€ï¸,Woman Construction Worker
ğŸ‘©â€ğŸ³,Woman Cook
ğŸš´â€â™€ï¸,Woman cycling
ğŸ’ƒ,Woman Dancing
ğŸ•µï¸â€â™€ï¸,Woman Detective
ğŸ§˜â€â™€ï¸,Woman Doing Yoga
ğŸ§â€â™€ï¸,Woman Elf
ğŸ¤¦â€â™€ï¸,Woman Facepalming
ğŸ‘©â€ğŸ­,Woman Factory Worker
ğŸ§šâ€â™€ï¸,Woman Fairy
ğŸ‘©â€ğŸŒ¾,Woman Farmer
ğŸ¤±,Woman feeding her baby
ğŸ‘©â€ğŸš’,Woman Firefighter
ğŸ™â€â™€ï¸,Woman Frowning
ğŸ§â€â™€ï¸,Woman Genie
ğŸ™…â€â™€ï¸,Woman Gesturing NO
ğŸ™†â€â™€ï¸,Woman Gesturing OK
ğŸ’‡â€â™€ï¸,Woman Getting Haircut
ğŸ’†â€â™€ï¸,Woman Getting Massage
ğŸŒï¸â€â™€ï¸,Woman Golfing
ğŸ’‚â€â™€ï¸,Woman Guard
ğŸ‘©â€âš•ï¸,Woman Health Worker
ğŸ§–â€â™€ï¸,Woman in a Sauna
ğŸ§˜â€â™€ï¸,Woman In Lotus Position
ğŸ§–â€â™€ï¸,Woman In Steamy Room
ğŸ§–â€â™€ï¸,Woman in the bath
ğŸ‘©â€âš–ï¸,Woman Judge
ğŸ¤¹â€â™€ï¸,Woman Juggling
ğŸ‹ï¸â€â™€ï¸,Woman Lifting Weights
ğŸ§™â€â™€ï¸,Woman Mage
ğŸ‘©â€ğŸ”§,Woman Mechanic
ğŸ§˜â€â™€ï¸,Woman Meditating
ğŸšµâ€â™€ï¸,Woman Mountain Biking
ğŸ‘©â€ğŸ’¼,Woman Office Worker
ğŸš¶â€â™€ï¸,Woman Pacing
ğŸ‘©â€âœˆï¸,Woman Pilot
ğŸ¤¾â€â™€ï¸,Woman Playing Handball
ğŸ¤½â€â™€ï¸,Woman Playing Water Polo
ğŸ‘®â€â™€ï¸,Woman Police Officer
ğŸ™â€â™€ï¸,Woman Pouting
ğŸ™‹â€â™€ï¸,Woman Raising Hand
ğŸš£â€â™€ï¸,Woman Rowing Boat
ğŸƒâ€â™€ï¸,Woman Running
ğŸ‘©â€ğŸ”¬,Woman Scientist
ğŸ¤·â€â™€ï¸,Woman Shrugging
ğŸ‘©â€ğŸ¤,Woman Singer
ğŸš¶â€â™€ï¸,Woman Stridding
ğŸ‘©â€ğŸ“,Woman Student
ğŸ¦¸â€â™€ï¸,Woman Superhero
ğŸ¦¹â€â™€ï¸,Woman Supervillain
ğŸ„â€â™€ï¸,Woman Surfing
ğŸŠâ€â™€ï¸,Woman Swimming
ğŸ‘©â€ğŸ«,Woman Teacher
ğŸ‘©â€ğŸ’»,Woman Technologist
ğŸ’â€â™€ï¸,Woman Tipping Hand
ğŸ§›â€â™€ï¸,Woman Vampire
ğŸš¶â€â™€ï¸,Woman Walking
ğŸ‘³â€â™€ï¸,Woman Wearing Turban
ğŸ‹ï¸â€â™€ï¸,Woman Weightlifting
ğŸ‘±â€â™€ï¸,Woman With Blonde Hair
ğŸ§•,Woman With Headscarf
ğŸ‘³â€â™€ï¸,Woman With Turban
ğŸ§Ÿâ€â™€ï¸,Woman Zombie
ğŸ‘©â€ğŸ¦²,"Woman, Bald"
ğŸ‘©â€ğŸ¦±,"Woman, Curly Haired"
ğŸ‘©â€ğŸ¦°,"Woman, Red Haired"
ğŸ‘©â€ğŸ¦³,"Woman, White Haired"
ğŸ‘¢,Womanâ€™s Boot
ğŸ‘š,Womanâ€™s Clothes
ğŸ‘’,Womanâ€™s Hat
ğŸ‘¡,Womanâ€™s Sandal
ğŸ‘¯â€â™€ï¸,Women With Bunny Ears
ğŸ¤¼â€â™€ï¸,Women Wrestling
ğŸšº,Women's Restroom
ğŸšº,Womenâ€™s Room
ğŸ‘ ,Womenâ€™s Shoe
ğŸšµâ€â™€ï¸,Women`s moutain race
ğŸŠâ€â™€ï¸,Women`s Water sport
ğŸ§¶,Wool
ğŸ¥´,Woozy Face
ğŸ’¬,Word
ğŸ—¨,Words
ğŸŒ,World
ğŸ—ºï¸,World Map
âšœï¸,World Scout Emblem
ğŸ˜Ÿ,Worried Face
ğŸ§¡,Worries
ğŸ,Wrapped Gift
ğŸ”§,Wrench
ğŸ¤¼,Wrestlers
âœï¸,Writing Hand
â†”,X-axis
ğŸ˜†,XD
â†•,Y-axis
ğŸ§¶,Yarn
ğŸ§¶,Yarnball
ğŸ˜¦,Yawning
ğŸ‹,Yellow Fruit
ğŸ’›,Yellow Heart
â­,Yellow Star
ğŸ‘©,Yellow Woman
ğŸ‡¾ğŸ‡ª,Yemen
ğŸ’´,Yen Banknote
â˜¯,Yin Yang
ğŸ§˜,Yoga
ğŸ‡¿ğŸ‡²,Zambia
ğŸ¤ª,Zany Face
ğŸ¦“,Zebra
0ï¸âƒ£,Zero
0ï¸âƒ£,Zero Key
ğŸ‡¿ğŸ‡¼,Zimbabwe
ğŸ¤,Zip It
ğŸ¤,Zipper-Mouth Face
â™ˆ,Zodiac Sign Aries
â™‹,Zodiac Sign Cancer
â™Š,Zodiac Sign Gemini
â™Œ,Zodiac Sign Leo
â™‰,Zodiac Sign Taurus
â™,Zodiac Sign Virgo
ğŸ§Ÿ,Zombie
ğŸ’¤,Zzz
ğŸ˜´,Zzz Face